produtoCSV,url,status,tituloExtraido,match
BONE JUVENIL 9FORTY MLB NEW YORK YANKEES ABA CURVA STRAPBACK MARINHO New Era,https://www.amazon.com.br/dp/B07GDM6HDX?pd_rd_i=B07GDM6HDX&pd_rd_w=mESGH&content-id=amzn1.sym.b0d855ab-21fd-49b1-ae3e-5a01e562f959&pf_rd_p=b0d855ab-21fd-49b1-ae3e-5a01e562f959&pf_rd_r=6B8XPK3AC3S9F8YVNZDA&pd_rd_wg=WHNUA&pd_rd_r=6e7b0c07-8a2e-4ae3-b46a-b38d480bbcd5&s=apparel&sp_csd=d2lkZ2V0TmFtZT1zcF9kZXRhaWwy&th=1&linkCode=sl1&tag=kayosaffili06-20&linkId=966961bf2c289be514a103b9a0eb830b&language=pt_BR&ref_=as_li_ss_tl&psc=1,OK,BONE JUVENIL 9FORTY MLB NEW YORK YANKEES ABA CURVA STRAPBACK MARINHO New Era | Amazon.com.br,SIM
Boné Liso Preto Basico Ajustavel de Fitão Masculino Feminino Aba Curva Strapback,https://www.amazon.com.br/dp/B0F4VH9ZRG?psc=1&pf_rd_p=b0d855ab-21fd-49b1-ae3e-5a01e562f959&pf_rd_r=20EXPPSEEEXF4QJWC0BN&pd_rd_wg=i07dX&pd_rd_w=AnuEr&content-id=amzn1.sym.b0d855ab-21fd-49b1-ae3e-5a01e562f959&pd_rd_r=d1c2011d-7507-4af8-9697-f8464d2fe744&s=apparel&sp_csd=d2lkZ2V0TmFtZT1zcF9kZXRhaWwy&linkCode=sl1&tag=kayosaffili06-20&linkId=e6d012be38b8c65306191dfb884a9a25&language=pt_BR&ref_=as_li_ss_tl,OK,Amazon.com.br,NÃO
Jaqueta aquecida elétrica para homens e mulheres inverno quente unissex aquecido jaqueta de aquecimento 8 zonas jaqueta com capuz elétrico USB jaqueta térmica de inverno,https://www.amazon.com.br/dp/B0DL6KVXQ3?pf_rd_p=b0d855ab-21fd-49b1-ae3e-5a01e562f959&pf_rd_r=EKN12AQD39ADMKFY87BT&pd_rd_wg=d0SMC&pd_rd_w=5KxrB&content-id=amzn1.sym.b0d855ab-21fd-49b1-ae3e-5a01e562f959&pd_rd_r=bf840c49-f690-46b5-939f-91d723a0d6b8&s=apparel&sp_csd=d2lkZ2V0TmFtZT1zcF9kZXRhaWwy&th=1&linkCode=sl1&tag=kayosaffili06-20&linkId=5e42c1b16577d9b5098afd903b75bfb7&language=pt_BR&ref_=as_li_ss_tl&psc=1,OK,Amazon.com.br,NÃO
Jaqueta masculina jeans sarja fit Lavanda e Alecrim,https://www.amazon.com.br/Jaqueta-masculina-Lavanda-Alecrim-Regular/dp/B0D1SG7JBR?crid=2ML6DQ3KDH3Z1&dib=eyJ2IjoiMSJ9.EyqDtArq2arY_LT8E-_45QPM3PN_D7apbEDyy9wVcH2LtAIDYdNrI4sPZCInjtaGHzsB9sjArgsxgSsmTRSOlKZZ2B6OEgZqphlWBveNB4fG1FifMjDTiyXV7bBYCaWwAVpwob_QJBmgjyYyNZd8M9z7I6T_jmyA8nZ8_GA73Ef1y5s4XVX7Iv0zvXnNBevTGzM4Ip1WhEDxfxKRBFKD0h-_evCCt19MFA0rMjTrB1uoo7lh6IC5NnGrnHq2qM95DWiwPMZu-LgXJAg0m0zHrmm6pxEHzoCcxNui7B-BiiQ.j6CujHXpgXYBp53vFSm-ntgX2grm0u5oxWu4spaQxd0&dib_tag=se&keywords=jaqueta%2Bmasculina&qid=1752530213&s=apparel&sprefix=%2Cfashion%2C325&sr=1-15&ufe=app_do%3Aamzn1.fos.db68964d-7c0e-4bb2-a95c-e5cb9e32eb12&th=1&linkCode=sl1&tag=kayosaffili06-20&linkId=61257426aa9f0eb0be7ca8c6daece697&language=pt_BR&ref_=as_li_ss_tl&psc=1,OK,Amazon.com.br,NÃO
Unisex Premium Sweatshirt,https://www.amazon.com.br/dp/B0DDJVZLM4?pf_rd_p=b0d855ab-21fd-49b1-ae3e-5a01e562f959&pf_rd_r=EP4HYB4AZ03T25BZ6MRK&pd_rd_wg=9GxF3&pd_rd_w=Ctea7&content-id=amzn1.sym.b0d855ab-21fd-49b1-ae3e-5a01e562f959&pd_rd_r=a83d2c34-48b8-4058-8da7-aa75debd81d3&s=apparel&sp_csd=d2lkZ2V0TmFtZT1zcF9kZXRhaWwy&th=1&linkCode=sl1&tag=kayosaffili06-20&linkId=baf8b63ec4f9ec75fb069d36f3b727ac&language=pt_BR&ref_=as_li_ss_tl&psc=1,OK,Amazon.com.br,NÃO
JMSUN Suéteres masculino Jaqueta Suéter de pulôver de gola de zíper masculino suéter de negócios de costura listrada,https://www.amazon.com.br/dp/B0B88NYRPM?pd_rd_i=B0B88NYRPM&pd_rd_w=K06Mo&content-id=amzn1.sym.b0d855ab-21fd-49b1-ae3e-5a01e562f959&pf_rd_p=b0d855ab-21fd-49b1-ae3e-5a01e562f959&pf_rd_r=0GYB80RN8FGBY6Z5F02Y&pd_rd_wg=WaF1M&pd_rd_r=54deb67a-461b-4726-9f59-e44319eab4f4&s=apparel&sp_csd=d2lkZ2V0TmFtZT1zcF9kZXRhaWwy&th=1&linkCode=sl1&tag=kayosaffili06-20&linkId=023663b63d17f330283d50061a530394&language=pt_BR&ref_=as_li_ss_tl&psc=1,OK,Amazon.com.br,NÃO
Jaqueta com Capuz,https://www.amazon.com.br/dp/B0F3D5PC8R?pf_rd_p=b0d855ab-21fd-49b1-ae3e-5a01e562f959&pf_rd_r=0Z7ZZJRKE6MDXN9NV8Q9&pd_rd_wg=vmXsH&pd_rd_w=b3kvV&content-id=amzn1.sym.b0d855ab-21fd-49b1-ae3e-5a01e562f959&pd_rd_r=a1b1b5c9-ac30-447a-a538-e2123423a48f&s=apparel&sp_csd=d2lkZ2V0TmFtZT1zcF9kZXRhaWwy&th=1&linkCode=sl1&tag=kayosaffili06-20&linkId=9ce4a667bbf477df21603e60ccebaddb&language=pt_BR&ref_=as_li_ss_tl&psc=1,OK,Amazon.com.br,NÃO
SevenDwarf casacos e jaquetas Masculina masculina gola pu jaqueta de moto jaqueta de lã com zíper quente,https://www.amazon.com.br/dp/B0B2DPFB7C?pd_rd_i=B0B2DPFB7C&pd_rd_w=V4rtP&content-id=amzn1.sym.b0d855ab-21fd-49b1-ae3e-5a01e562f959&pf_rd_p=b0d855ab-21fd-49b1-ae3e-5a01e562f959&pf_rd_r=4AHPBXSFC06C7MKYG1K1&pd_rd_wg=qpUbn&pd_rd_r=c5993325-1581-4d0e-8705-01de1b53b1c0&s=apparel&sp_csd=d2lkZ2V0TmFtZT1zcF9kZXRhaWwy&th=1&linkCode=sl1&tag=kayosaffili06-20&linkId=ceb4aefd227ab65035500549af8a9a9f&language=pt_BR&ref_=as_li_ss_tl&psc=1,OK,Amazon.com.br,NÃO
CNSTORE casacos e jaquetas masculinos Jaqueta corta-vento manga longa gola com zíper Jaqueta masculina listrada casual slim fit,https://www.amazon.com.br/dp/B0B25RZT58?pd_rd_i=B0B25RZT58&pd_rd_w=b3DeO&content-id=amzn1.sym.b0d855ab-21fd-49b1-ae3e-5a01e562f959&pf_rd_p=b0d855ab-21fd-49b1-ae3e-5a01e562f959&pf_rd_r=M16GE5EYZ02V03NVH914&pd_rd_wg=70YLD&pd_rd_r=5185380f-3f0a-472d-aaf4-5e3c3726cd9a&sp_csd=d2lkZ2V0TmFtZT1zcF9kZXRhaWwy&th=1&linkCode=sl1&tag=kayosaffili06-20&linkId=54bb91ed61a96c629b6b5f78781e038f&language=pt_BR&ref_=as_li_ss_tl&psc=1,OK,Amazon.com.br,NÃO
CNSTORE Jaqueta masculina Casaco de couro sintético para motocicletas casuais slim fit outono inverno jaquetas bomber de couro,https://www.amazon.com.br/dp/B0BVK7ZDCW?pd_rd_i=B0BVK7ZDCW&pd_rd_w=aV1FT&content-id=amzn1.sym.b0d855ab-21fd-49b1-ae3e-5a01e562f959&pf_rd_p=b0d855ab-21fd-49b1-ae3e-5a01e562f959&pf_rd_r=2XA8890X2KPBS2EEXFEP&pd_rd_wg=G96sV&pd_rd_r=6d04b652-dcfc-47ae-beaf-f46812947edf&sp_csd=d2lkZ2V0TmFtZT1zcF9kZXRhaWwy&th=1&linkCode=sl1&tag=kayosaffili06-20&linkId=5e6b962044285fcf77fc020694f552c3&language=pt_BR&ref_=as_li_ss_tl&psc=1,OK,Amazon.com.br,NÃO
CNSTORE Jaqueta masculina Camisa masculina casual de cor lisa sem mangas compridas jaqueta jeans,https://www.amazon.com.br/dp/B0BVQ5XBTQ?pf_rd_p=b0d855ab-21fd-49b1-ae3e-5a01e562f959&pf_rd_r=3PBZK9F1MGRZREGDMYAZ&pd_rd_wg=PZj3R&pd_rd_w=Ii8Qx&content-id=amzn1.sym.b0d855ab-21fd-49b1-ae3e-5a01e562f959&pd_rd_r=7029eac2-cba5-44ba-b4c2-232d9b200c81&sp_csd=d2lkZ2V0TmFtZT1zcF9kZXRhaWwy&th=1&linkCode=sl1&tag=kayosaffili06-20&linkId=3207afa8ef37ec619b9862d5e32e0712&language=pt_BR&ref_=as_li_ss_tl&psc=1,OK,CNSTORE Jaqueta masculina Camisa masculina casual de cor lisa sem mangas compridas jaqueta jeans | Amazon.com.br,SIM
Jaqueta Puffer Bobojaco Masculina Casaco Corta Vento Acolchoada Impermeável Bolsos Capuz Removível,https://www.amazon.com.br/Bobojaco-Masculina-Acolchoada-Imperme%C3%A1vel-Remov%C3%ADvel/dp/B0D87QBSLW?__mk_pt_BR=%C3%85M%C3%85%C5%BD%C3%95%C3%91&crid=3O9S2TMRMW64G&dib=eyJ2IjoiMSJ9.yaGkeW9phZrzwZPPDXB0nptmOpCPEja0epD6eHscMquQZb4163wqE98s3zWNYJIqZh2bfYLk29Mihz1TOzWWgmOHc8X8L3mlnILCXoYH_v2xCueOgj_IT-UmQ3SrE13xwrko2KCOVQRsePWtRe4QY6V3RU0-HCLxLZUyodTLlQA55Os-3t56mET4SBlEXwlu1-u17lx9__lcYo1AzmxcTUhyTtsPwCHzWTBNmIajKP9V9ujEGmLg9CPcM6UzETpNxNnIA6TsOltbiaRdf3YO19JYKBFnztUh4zsyAniiM4E.UNTEIYruFpEHqTqEMuaM2jr3jOZxzhmRC0qbDn0Niso&dib_tag=se&keywords=JAQUETA&qid=1752529535&sprefix=jaqueta%2Caps%2C236&sr=8-5&ufe=app_do%3Aamzn1.fos.db68964d-7c0e-4bb2-a95c-e5cb9e32eb12&th=1&linkCode=sl1&tag=kayosaffili06-20&linkId=74ece7cf79d017ea16cf63ebf730517e&language=pt_BR&ref_=as_li_ss_tl&psc=1,OK,Amazon.com.br,NÃO
Mouse Gamer Redragon Aatrox RGB 15 Botões Programáveis para MMO PAW3327 12400 DPI M811-RGB,https://www.amazon.com.br/Redragon-M811-program%C3%A1veis-constru%C3%A7%C3%A3o-retroiluminado/dp/B0B3J9WSJQ?pd_rd_w=UHujK&content-id=amzn1.sym.0c225ccc-ba61-4ed7-8ec2-00a23aa4a681&pf_rd_p=0c225ccc-ba61-4ed7-8ec2-00a23aa4a681&pf_rd_r=JT1AXXYA2HBZQHJ06D2M&pd_rd_wg=QYnyd&pd_rd_r=9090f956-a1ba-4846-a424-2bb33cef55ad&pd_rd_i=B0B3J9WSJQ&th=1&linkCode=sl1&tag=kayosaffili06-20&linkId=b3a1ad49b3ec6307364cd7f6415197e7&language=pt_BR&ref_=as_li_ss_tl,OK,Amazon.com.br,NÃO
"Notebook Lenovo IdeaPad 1i i5-1235U 8GB 256GB 15.6"" W11",https://www.amazon.com.br/dp/B0DCLZRN7W?psc=1&pd_rd_i=B0DCLZRN7W&pd_rd_w=CDhJ8&content-id=amzn1.sym.1868afab-d777-4b70-8899-1b323ad91d95&pf_rd_p=1868afab-d777-4b70-8899-1b323ad91d95&pf_rd_r=3EEFJN1B9TSRZB0YCMDQ&pd_rd_wg=M9tBM&pd_rd_r=43aa77f6-132d-4215-a65b-86da4ca8824c&sp_csd=d2lkZ2V0TmFtZT1zcF9kZXRhaWw&linkCode=sl1&tag=kayosaffili06-20&linkId=ff5ec6b09443057164cff5bc67761493&language=pt_BR&ref_=as_li_ss_tl,OK,"Notebook Lenovo IdeaPad 1i i5-1235U 8GB 256GB 15.6"" W11 : Amazon.com.br: Computadores e Informática",SIM
"Notebook ASUS Vivobook 15, Intel Core i5 1235U, 8 GB, 256 GB SSD, W11 Home, Tela 15,6"" FHD, Cool Silver - X1504ZA-NJ985W",https://www.amazon.com.br/dp/B0CYVSD1VL?psc=1&pd_rd_i=B0CYVSD1VL&pd_rd_w=AFsGt&content-id=amzn1.sym.1868afab-d777-4b70-8899-1b323ad91d95&pf_rd_p=1868afab-d777-4b70-8899-1b323ad91d95&pf_rd_r=3684H163HG2G0Y12NV5A&pd_rd_wg=RKA3B&pd_rd_r=56f36ea2-75de-46aa-ba99-dbf0bf51434f&sp_csd=d2lkZ2V0TmFtZT1zcF9kZXRhaWw&linkCode=sl1&tag=kayosaffili06-20&linkId=6affd4149b5ff57a847a00abd7eea5db&language=pt_BR&ref_=as_li_ss_tl,OK,Amazon.com.br,NÃO
Notebook Acer A515-45-R74D R7 8GB 512 SSD Linux NX.AYDAL.00M,https://www.amazon.com.br/dp/B0B8YVMRHK?psc=1&pd_rd_i=B0B8YVMRHK&pd_rd_w=aMdMX&content-id=amzn1.sym.1868afab-d777-4b70-8899-1b323ad91d95&pf_rd_p=1868afab-d777-4b70-8899-1b323ad91d95&pf_rd_r=QAZXZN1JAZ9EYSDBTVA8&pd_rd_wg=tdF5G&pd_rd_r=e097c11a-e482-47f4-b0b0-ade38cc9d750&sp_csd=d2lkZ2V0TmFtZT1zcF9kZXRhaWw&linkCode=sl1&tag=kayosaffili06-20&linkId=c3571070199367329a8bcb3630331cfe&language=pt_BR&ref_=as_li_ss_tl,OK,Notebook Acer A515-45-R74D R7 8GB 512 SSD Linux NX.AYDAL.00M : Amazon.com.br: Computadores e Informática,SIM
"Notebook Dell Inspiron I15-I120K-U25P 15.6"" Full HD 12ª Geração Intel Core i5 8GB 512GB SSD Linux Preto",https://www.amazon.com.br/Notebook-Dell-Inspiron-I15-I120K-U25P-Gera%C3%A7%C3%A3o/dp/B0CKWGF827?crid=KYVADBQIWUP5&dib=eyJ2IjoiMSJ9.tipHOaWCbU0VEfbAtTkjUowIyv4q7Zgaj_SqtsE3vGkD-UwiAR6aAqE5mNHyZUAeGRe-5ZCYjXpRJ24MtxO9YitpnDhI3eT-Io1K0ckdS2zpxcAb9pyegOUxtMpD_sapKdBPxNKO0Xa4XsgrpDmnHBHupcLhXurZy9ADPEj0K0Or11fEqtO0hyZui2EsDV-qbTqGZk5HN6108quUnr-01iEDKwaZFRnDUcjWU__enfJZJ6nHAPRu_XUiM-d_xoBQB2WcfNjBf1mKTr9avekwPUSDKddchl1827rah2TuHXY._GWp5Ox4J4olzXEnRd_8zgb_YUoA5AOhZIAwcTHFwX4&dib_tag=se&keywords=notebook&qid=1752528692&sprefix=NOT,OK,Amazon.com.br,NÃO
Mouse Gamer Sem Fio Logitech G305 LIGHTSPEED com 6 Botões Programáveis e Até 12.000 DPI - Preto,https://www.amazon.com.br/Logitech-LIGHTSPEED-Bot%C3%B5es-Program%C3%A1veis-12-000/dp/B07GPRWFC5?__mk_pt_BR=%C3%85M%C3%85%C5%BD%C3%95%C3%91&crid=2HY648Q0TV5XP&dib=eyJ2IjoiMSJ9.HRfhwGLRo7J9jbADpab-U_kxs-HJakBiA2YuN2iU87RZYNKKnwgQzxVVXXdKrtJ6UyYX5PioDKBfI0iVev6n0aIaqvxCMAZjXqOPUyvGNbdiY_kbPdSvnrGRH-tMy0IACt_svvGEhAK-6Kp01ghyF-97fCzwsDN8WTKUBDplfsowghPulc_2in19d0ANMfMEwK4liTbGhgtlVX670BEMcwPPhpdyf7yBBOM7Now077fKZH_9JRNGlhC6xpj_GbMhlwyVnR5ODka-I7qAdU2j7uvqLhkd2A3qpOfUjfB3bGY.IRvp7Cx_bhfx840EDUxb6-hkKR9nSnEFBIZu-DuYJiQ&dib_tag=se&keywords=MOUSE&qid=1752353067&sprefix=mouse%2Caps%2C235&sr=8-17&ufe=app_do%3Aamzn1.fos.fcd6d665-32ba-4479-9f21-b774e276a678&th=1&linkCode=ll1&tag=kayosaffili06-20&linkId=fc911997d07c4628b64d4cc8a2650120&language=pt_BR&ref_=as_li_ss_tl,OK,Mouse Gamer Sem Fio Logitech G305 LIGHTSPEED com 6 Botões Programáveis e Até 12.000 DPI - Preto | Amazon.com.br,SIM
Mouse sem fio Logitech M280 com Conexão USB e Pilha Inclusa - Preto,https://www.amazon.com.br/Mouse-Nanoreceptor-Inclusa-Logitech-Mouses/dp/B00UC1R80C?__mk_pt_BR=%C3%85M%C3%85%C5%BD%C3%95%C3%91&crid=2HY648Q0TV5XP&dib=eyJ2IjoiMSJ9.HRfhwGLRo7J9jbADpab-U_kxs-HJakBiA2YuN2iU87RZYNKKnwgQzxVVXXdKrtJ6UyYX5PioDKBfI0iVev6n0aIaqvxCMAZjXqOPUyvGNbdiY_kbPdSvnrGRH-tMy0IACt_svvGEhAK-6Kp01ghyF-97fCzwsDN8WTKUBDplfsowghPulc_2in19d0ANMfMEwK4liTbGhgtlVX670BEMcwPPhpdyf7yBBOM7Now077fKZH_9JRNGlhC6xpj_GbMhlwyVnR5ODka-I7qAdU2j7uvqLhkd2A3qpOfUjfB3bGY.IRvp7Cx_bhfx840EDUxb6-hkKR9nSnEFBIZu-DuYJiQ&dib_tag=se&keywords=MOUSE&qid=1752353067&sprefix=mouse%2Caps%2C235&sr=8-15&ufe=app_do%3Aamzn1.fos.6d798eae-cadf-45de-946a-f477d47705b9&th=1&linkCode=ll1&tag=kayosaffili06-20&linkId=31379bd77e17dc3b72d88a21a0ff56b4&language=pt_BR&ref_=as_li_ss_tl,OK,Amazon.com.br,NÃO
Mouse Gamer Crusader 12800 DPI Branco Fortrek,https://www.amazon.com.br/Mouse-Gamer-Crusader-Branco-Fortrek/dp/B0DQ2BN88N?__mk_pt_BR=%C3%85M%C3%85%C5%BD%C3%95%C3%91&crid=2HY648Q0TV5XP&dib=eyJ2IjoiMSJ9.HRfhwGLRo7J9jbADpab-U_kxs-HJakBiA2YuN2iU87RZYNKKnwgQzxVVXXdKrtJ6UyYX5PioDKBfI0iVev6n0aIaqvxCMAZjXqOPUyvGNbdiY_kbPdSvnrGRH-tMy0IACt_svvGEhAK-6Kp01ghyF-97fCzwsDN8WTKUBDplfsowghPulc_2in19d0ANMfMEwK4liTbGhgtlVX670BEMcwPPhpdyf7yBBOM7Now077fKZH_9JRNGlhC6xpj_GbMhlwyVnR5ODka-I7qAdU2j7uvqLhkd2A3qpOfUjfB3bGY.IRvp7Cx_bhfx840EDUxb6-hkKR9nSnEFBIZu-DuYJiQ&dib_tag=se&keywords=MOUSE&qid=1752353067&sprefix=mouse%2Caps%2C235&sr=8-12&ufe=app_do%3Aamzn1.fos.49b7614e-5143-45fb-a744-3794f8756ced&th=1&linkCode=ll1&tag=kayosaffili06-20&linkId=501691c359eeca2fa9af92c6e5ba1bd3&language=pt_BR&ref_=as_li_ss_tl,OK,Amazon.com.br,NÃO
Mouse Sem Fio Slim Box Conexão Usb 1200dpi 3 Botões Preto Multi - MO307,https://www.amazon.com.br/Mouse-sem-fio-preto-Multilaser/dp/B09F5CGZ7J?__mk_pt_BR=%C3%85M%C3%85%C5%BD%C3%95%C3%91&crid=2HY648Q0TV5XP&dib=eyJ2IjoiMSJ9.HRfhwGLRo7J9jbADpab-U_kxs-HJakBiA2YuN2iU87RZYNKKnwgQzxVVXXdKrtJ6UyYX5PioDKBfI0iVev6n0aIaqvxCMAZjXqOPUyvGNbdiY_kbPdSvnrGRH-tMy0IACt_svvGEhAK-6Kp01ghyF-97fCzwsDN8WTKUBDplfsowghPulc_2in19d0ANMfMEwK4liTbGhgtlVX670BEMcwPPhpdyf7yBBOM7Now077fKZH_9JRNGlhC6xpj_GbMhlwyVnR5ODka-I7qAdU2j7uvqLhkd2A3qpOfUjfB3bGY.IRvp7Cx_bhfx840EDUxb6-hkKR9nSnEFBIZu-DuYJiQ&dib_tag=se&keywords=MOUSE&qid=1752353067&sprefix=mouse%2Caps%2C235&sr=8-11&linkCode=ll1&tag=kayosaffili06-20&linkId=1949f7db8fdab1a7ccad754ccae6b340&language=pt_BR&ref_=as_li_ss_tl,OK,Amazon.com.br,NÃO
Mouse Classic Box Óptico USB 1200dpi Preto Multi - MO300,https://www.amazon.com.br/Mouse-Classic-%C3%93ptico-Full-Black/dp/B086J78G67?__mk_pt_BR=%C3%85M%C3%85%C5%BD%C3%95%C3%91&crid=2HY648Q0TV5XP&dib=eyJ2IjoiMSJ9.HRfhwGLRo7J9jbADpab-U_kxs-HJakBiA2YuN2iU87RZYNKKnwgQzxVVXXdKrtJ6UyYX5PioDKBfI0iVev6n0aIaqvxCMAZjXqOPUyvGNbdiY_kbPdSvnrGRH-tMy0IACt_svvGEhAK-6Kp01ghyF-97fCzwsDN8WTKUBDplfsowghPulc_2in19d0ANMfMEwK4liTbGhgtlVX670BEMcwPPhpdyf7yBBOM7Now077fKZH_9JRNGlhC6xpj_GbMhlwyVnR5ODka-I7qAdU2j7uvqLhkd2A3qpOfUjfB3bGY.IRvp7Cx_bhfx840EDUxb6-hkKR9nSnEFBIZu-DuYJiQ&dib_tag=se&keywords=MOUSE&qid=1752353067&sprefix=mouse%2Caps%2C235&sr=8-7&linkCode=ll1&tag=kayosaffili06-20&linkId=2336b5b49976c31606861706fd6b22af&language=pt_BR&ref_=as_li_ss_tl,OK,Amazon.com.br,NÃO
Mouse Gamer SEM fio HyperX Haste 6 Botões Branco,https://www.amazon.com.br/Mouse-Gamer-HyperX-Bot%C3%B5es-Branco/dp/B09V224F1Z?__mk_pt_BR=%C3%85M%C3%85%C5%BD%C3%95%C3%91&crid=2HY648Q0TV5XP&dib=eyJ2IjoiMSJ9.HRfhwGLRo7J9jbADpab-U_kxs-HJakBiA2YuN2iU87RZYNKKnwgQzxVVXXdKrtJ6UyYX5PioDKBfI0iVev6n0aIaqvxCMAZjXqOPUyvGNbdiY_kbPdSvnrGRH-tMy0IACt_svvGEhAK-6Kp01ghyF-97fCzwsDN8WTKUBDplfsowghPulc_2in19d0ANMfMEwK4liTbGhgtlVX670BEMcwPPhpdyf7yBBOM7Now077fKZH_9JRNGlhC6xpj_GbMhlwyVnR5ODka-I7qAdU2j7uvqLhkd2A3qpOfUjfB3bGY.IRvp7Cx_bhfx840EDUxb6-hkKR9nSnEFBIZu-DuYJiQ&dib_tag=se&keywords=MOUSE&qid=1752352768&sprefix=mouse%2Caps%2C235&sr=8-4-spons&ufe=app_do%3Aamzn1.fos.e05b01e0-91a7-477e-a514-15a32325a6d6&sp_csd=d2lkZ2V0TmFtZT1zcF9hdGY&th=1&linkCode=ll1&tag=kayosaffili06-20&linkId=fc599cd7c8220b74d0410786e046e34f&language=pt_BR&ref_=as_li_ss_tl,OK,Amazon.com.br,NÃO
Adaptador para tomada Universal 2PT 10A 250V,https://www.amazon.com.br/Adaptador-para-Tomada-Universal-250V-DANEVA-1661/dp/B0763TXG14?crid=3BHCBM1PDZIXC&dib=eyJ2IjoiMSJ9.9zi6lGeYi1Oug9v9lULum81rGZxAsln-z0McwEMPIzqX6ZCh7pr1pUMMA4vixjUmh3Pcq5C-peAEock2udZSXGCoohM5E2Q8prj3t7v0eeHFbUfLna_JCyOk9epEHvPUB7_J8QDOdtnrEPQfiyQgOSuTP1kdMzkv1y7e38HoYF4xiylc3C6blP4sP5x4HyuAMvdDsjRzpM0FmIle9GmtsZBqUPA0M6kgBGHiYHkOB1mjL_35HpfSct9hhl0hNJg7bl-334bZJ1mp3CKq9IhHNch9tzYDpz3dsG2HfxKTiYo.ehkvp1tzcql_kQBUqxde_ut_euk-SUeq-VisEdsktII&dib_tag=se&keywords=eletronicos&qid=1752351404&sprefix=ELETR%2Caps%2C241&sr=8-10&linkCode=ll1&tag=kayosaffili06-20&linkId=9be52351957f1724dfb74c92025d076f&language=pt_BR&ref_=as_li_ss_tl,OK,Amazon.com.br,NÃO
Campainha Sem Fio Com Bateria CIB 101 Preto Intelbras,https://www.amazon.com.br/Campainha-Bateria-Intelbras-CIB-101/dp/B09RQZW6M4?crid=3BHCBM1PDZIXC&dib=eyJ2IjoiMSJ9.9zi6lGeYi1Oug9v9lULum81rGZxAsln-z0McwEMPIzqX6ZCh7pr1pUMMA4vixjUmh3Pcq5C-peAEock2udZSXGCoohM5E2Q8prj3t7v0eeHFbUfLna_JCyOk9epEHvPUB7_J8QDOdtnrEPQfiyQgOSuTP1kdMzkv1y7e38HoYF4xiylc3C6blP4sP5x4HyuAMvdDsjRzpM0FmIle9GmtsZBqUPA0M6kgBGHiYHkOB1mjL_35HpfSct9hhl0hNJg7bl-334bZJ1mp3CKq9IhHNch9tzYDpz3dsG2HfxKTiYo.ehkvp1tzcql_kQBUqxde_ut_euk-SUeq-VisEdsktII&dib_tag=se&keywords=eletronicos&qid=1752351404&sprefix=ELETR%2Caps%2C241&sr=8-8&ufe=app_do%3Aamzn1.fos.6d798eae-cadf-45de-946a-f477d47705b9&th=1&linkCode=ll1&tag=kayosaffili06-20&linkId=111d5bdf7bdb9eabb10ab1ea1af1a128&language=pt_BR&ref_=as_li_ss_tl,OK,Amazon.com.br,NÃO
ADAPTADOR PINO CHATO - 2 PINOS - 10 AMPERES / 250 VOLTS - BRANCO - DANEVA 1550,https://www.amazon.com.br/ADAPTADOR-PINO-CHATO-250V-BRANCO/dp/B076NCJX79?crid=3BHCBM1PDZIXC&dib=eyJ2IjoiMSJ9.9zi6lGeYi1Oug9v9lULum81rGZxAsln-z0McwEMPIzqX6ZCh7pr1pUMMA4vixjUmh3Pcq5C-peAEock2udZSXGCoohM5E2Q8prj3t7v0eeHFbUfLna_JCyOk9epEHvPUB7_J8QDOdtnrEPQfiyQgOSuTP1kdMzkv1y7e38HoYF4xiylc3C6blP4sP5x4HyuAMvdDsjRzpM0FmIle9GmtsZBqUPA0M6kgBGHiYHkOB1mjL_35HpfSct9hhl0hNJg7bl-334bZJ1mp3CKq9IhHNch9tzYDpz3dsG2HfxKTiYo.ehkvp1tzcql_kQBUqxde_ut_euk-SUeq-VisEdsktII&dib_tag=se&keywords=eletronicos&qid=1752351404&sprefix=ELETR%2Caps%2C241&sr=8-5&linkCode=ll1&tag=kayosaffili06-20&linkId=df5704832e66998b467a205b9cb64312&language=pt_BR&ref_=as_li_ss_tl,OK,Amazon.com.br,NÃO
Tenis Academia Feminino Olimp Gel Para Esporte Macio Original T-Shoes,https://www.amazon.com.br/Academia-Feminino-Esporte-Original-T-Shoes/dp/B0CX69H12R?pd_rd_i=B0CX6HPNLC&pd_rd_w=jzwYa&content-id=amzn1.sym.72b93c8a-08ae-4743-bf25-5d8dcc377092&pf_rd_p=72b93c8a-08ae-4743-bf25-5d8dcc377092&pf_rd_r=7RTD6HJFKQYMM7NM3BQF&pd_rd_wg=Ev3K2&pd_rd_r=d5288eb4-71c1-4962-9222-1c9fa460ea2a&th=1&linkCode=sl1&tag=kayosaffili06-20&linkId=47f425c1b638efd97bdce98c792a1a52&language=pt_BR&ref_=as_li_ss_tl&psc=1,OK,Amazon.com.br,NÃO
Tenis Botinha Casual Feminino leve confortavel,https://www.amazon.com.br/dp/B0FF1KYZLB?pd_rd_i=B0FF1KYZLB&pd_rd_w=dvIxQ&content-id=amzn1.sym.b0d855ab-21fd-49b1-ae3e-5a01e562f959&pf_rd_p=b0d855ab-21fd-49b1-ae3e-5a01e562f959&pf_rd_r=DEKCHVRFJ3NPAX5M376Q&pd_rd_wg=Rr4QQ&pd_rd_r=4f2c6f9e-b127-4bdf-bb2f-f024b7150283&sp_csd=d2lkZ2V0TmFtZT1zcF9kZXRhaWwy&th=1&linkCode=sl1&tag=kayosaffili06-20&linkId=9c39db6a980909f40a281ebecb41db23&language=pt_BR&ref_=as_li_ss_tl&psc=1,OK,Amazon.com.br,NÃO
Respirável Tênis de Corrida Suporte de Arco Sapatos de Caminhada,https://www.amazon.com.br/dp/B0F59NT2B1?pd_rd_i=B0F59NT2B1&pd_rd_w=9HPJ7&content-id=amzn1.sym.b0d855ab-21fd-49b1-ae3e-5a01e562f959&pf_rd_p=b0d855ab-21fd-49b1-ae3e-5a01e562f959&pf_rd_r=1DEXC2DK24DZ96BYCQN6&pd_rd_wg=jlYGV&pd_rd_r=673bcaa1-5a02-48b7-a03b-a6f6f1e5f5da&sp_csd=d2lkZ2V0TmFtZT1zcF9kZXRhaWwy&th=1&linkCode=sl1&tag=kayosaffili06-20&linkId=9dc041f80b686f1e673e9f9002fdc324&language=pt_BR&ref_=as_li_ss_tl&psc=1,OK,Amazon.com.br,NÃO
Tênis Feminino Olympikus Venus 3,https://www.amazon.com.br/T%C3%AAnis-Feminino-Olympikus-Venus-3/dp/B0DFRHR8GF?pd_rd_i=B0DDQMNKJ7&pd_rd_w=Y6ewq&content-id=amzn1.sym.72b93c8a-08ae-4743-bf25-5d8dcc377092&pf_rd_p=72b93c8a-08ae-4743-bf25-5d8dcc377092&pf_rd_r=5F033XRM5ADHM9CMRS6Z&pd_rd_wg=cgWlG&pd_rd_r=cbc8112e-ab4d-42cf-b9bd-adde94c2bc8f&th=1&linkCode=sl1&tag=kayosaffili06-20&linkId=6be8c80b19d71f973e78fc92e5173b1f&language=pt_BR&ref_=as_li_ss_tl&psc=1,OK,Amazon.com.br,NÃO
Tenis esportivo Respiravel Academia Corrida Caminhada Masculino e Feminino,https://www.amazon.com.br/dp/B0FF2TZFFC?pf_rd_p=b0d855ab-21fd-49b1-ae3e-5a01e562f959&pf_rd_r=JSQRXFJS4M7CCZGAB8VB&pd_rd_wg=JsfXl&pd_rd_w=1ZWnh&content-id=amzn1.sym.b0d855ab-21fd-49b1-ae3e-5a01e562f959&pd_rd_r=0332331d-ee2b-4cf8-bcd1-d6b6ea4cea89&sp_csd=d2lkZ2V0TmFtZT1zcF9kZXRhaWwy&th=1&linkCode=sl1&tag=kayosaffili06-20&linkId=9c8bd0d950f1242020a8c07b1bef6184&language=pt_BR&ref_=as_li_ss_tl&psc=1,OK,Amazon.com.br,NÃO
Kit 2 Pares Tenis de Academima Caminhada Leve e Confortavel Feminino,https://www.amazon.com.br/dp/B0DBJBV2F9?pd_rd_i=B0DBJBV2F9&pd_rd_w=Kj4u0&content-id=amzn1.sym.b0d855ab-21fd-49b1-ae3e-5a01e562f959&pf_rd_p=b0d855ab-21fd-49b1-ae3e-5a01e562f959&pf_rd_r=16QYK2NHPXDM9VRBEKEY&pd_rd_wg=fUZUV&pd_rd_r=a97d894f-d770-47e4-b24d-a10f834d73b5&sp_csd=d2lkZ2V0TmFtZT1zcF9kZXRhaWwy&smid=A1QC10W23U0A2R&th=1&linkCode=sl1&tag=kayosaffili06-20&linkId=f3ee4e9d3bf56960733eea6f94f8af55&language=pt_BR&ref_=as_li_ss_tl&psc=1,OK,Amazon.com.br,NÃO
Tênis de Corrida Feminino Mizuno Wave Mirai 6,https://www.amazon.com.br/T%C3%AAnis-Corrida-Feminino-Mizuno-Mirai/dp/B0D1DF9WKT?pd_rd_w=Loi3Y&content-id=amzn1.sym.0c225ccc-ba61-4ed7-8ec2-00a23aa4a681&pf_rd_p=0c225ccc-ba61-4ed7-8ec2-00a23aa4a681&pf_rd_r=Z8N8DVGX2PVVKR58GSX0&pd_rd_wg=h1ZT7&pd_rd_r=0765c3fe-23a6-4e74-bbc0-ad1e0e5951e0&pd_rd_i=B0D1DF9WKT&th=1&linkCode=sl1&tag=kayosaffili06-20&linkId=63236b4195988a30b80d1aa69fdd9010&language=pt_BR&ref_=as_li_ss_tl&psc=1,OK,Tênis de Corrida Feminino Mizuno Wave Mirai 6 | Amazon.com.br,SIM
Tenis Academia Feminino Leve Macio Corrida + Relogio,https://www.amazon.com.br/dp/B0DBM4F3L1?pf_rd_p=b0d855ab-21fd-49b1-ae3e-5a01e562f959&pf_rd_r=MTD1BEH6GR48BN49QP52&pd_rd_wg=tQewj&pd_rd_w=YcjNs&content-id=amzn1.sym.b0d855ab-21fd-49b1-ae3e-5a01e562f959&pd_rd_r=62fb6c14-5dbb-40dc-a243-f0a1684e8544&s=apparel&sp_csd=d2lkZ2V0TmFtZT1zcF9kZXRhaWwy&th=1&linkCode=sl1&tag=kayosaffili06-20&linkId=652794741cb0d1a548d7ba4b09478183&language=pt_BR&ref_=as_li_ss_tl&psc=1,OK,Amazon.com.br,NÃO
Kit Dois Pares De Tenis Feminino e Masculino Casual Moda Leve,https://www.amazon.com.br/dp/B0CG2XTL4T?pf_rd_p=b0d855ab-21fd-49b1-ae3e-5a01e562f959&pf_rd_r=MZ8FT5C3AWYTJH0AYVC3&pd_rd_wg=TkUOu&pd_rd_w=OSY5r&content-id=amzn1.sym.b0d855ab-21fd-49b1-ae3e-5a01e562f959&pd_rd_r=045807a1-7778-4f60-b3d4-08e5e81f98bb&s=apparel&sp_csd=d2lkZ2V0TmFtZT1zcF9kZXRhaWwy&th=1&linkCode=sl1&tag=kayosaffili06-20&linkId=92ad5b45907dc47615c620fc2004c9ba&language=pt_BR&ref_=as_li_ss_tl&psc=1,OK,Amazon.com.br,NÃO
Tênis GuGi Feminino Casual Fiorella Sola Alta Macia Esportivo 622-GG,https://www.amazon.com.br/dp/B0CXQ5J2DR?pd_rd_i=B0CXQ5J2DR&pd_rd_w=onZOf&content-id=amzn1.sym.b0d855ab-21fd-49b1-ae3e-5a01e562f959&pf_rd_p=b0d855ab-21fd-49b1-ae3e-5a01e562f959&pf_rd_r=F2RQ5AVK8KF1AQ8YBV0Z&pd_rd_wg=slquD&pd_rd_r=3031793e-31db-4d39-9561-c82cdda6b50b&s=apparel&sp_csd=d2lkZ2V0TmFtZT1zcF9kZXRhaWwy&th=1&linkCode=sl1&tag=kayosaffili06-20&linkId=dd3b481af5d5ad8321c09fbeba9bc6a6&language=pt_BR&ref_=as_li_ss_tl&psc=1,OK,Amazon.com.br,NÃO
Tenis Feminino Casual Estilo Shoes,https://www.amazon.com.br/dp/B0F63YKJXV?pd_rd_i=B0F63YKJXV&pd_rd_w=AtGyf&content-id=amzn1.sym.b0d855ab-21fd-49b1-ae3e-5a01e562f959&pf_rd_p=b0d855ab-21fd-49b1-ae3e-5a01e562f959&pf_rd_r=3TQFDGX30KM6GM4W29QY&pd_rd_wg=olWyY&pd_rd_r=cc6a7803-b913-452b-a14e-168c24fc7ad4&s=apparel&sp_csd=d2lkZ2V0TmFtZT1zcF9kZXRhaWwy&th=1&linkCode=sl1&tag=kayosaffili06-20&linkId=8c7a25559cfa8b2b2033c60bdbfe433d&language=pt_BR&ref_=as_li_ss_tl&psc=1,OK,Amazon.com.br,NÃO
Tênis Ramarim SNK Casual Feminino,https://www.amazon.com.br/dp/B0DP5P3DTY?pd_rd_i=B0DP5P3DTY&pd_rd_w=OSk9u&content-id=amzn1.sym.1868afab-d777-4b70-8899-1b323ad91d95&pf_rd_p=1868afab-d777-4b70-8899-1b323ad91d95&pf_rd_r=KRWJQVTD8783TFHFC62J&pd_rd_wg=qCEVi&pd_rd_r=9034bd98-73b6-4d12-8c32-30be298b2a88&s=apparel&sp_csd=d2lkZ2V0TmFtZT1zcF9kZXRhaWw&th=1&linkCode=sl1&tag=kayosaffili06-20&linkId=537025e900c11c251e9654013812cbfa&language=pt_BR&ref_=as_li_ss_tl&psc=1,OK,Amazon.com.br,NÃO
Tênis Ramarim Plataforma Sola Casual Feminino Original,https://www.amazon.com.br/dp/B0DH2W5KG5?pd_rd_i=B0DH2W5KG5&pd_rd_w=IX9yP&content-id=amzn1.sym.b0d855ab-21fd-49b1-ae3e-5a01e562f959&pf_rd_p=b0d855ab-21fd-49b1-ae3e-5a01e562f959&pf_rd_r=TJ0HK7F1BV3N7SP1F363&pd_rd_wg=PNq32&pd_rd_r=c9901420-6f0b-4e61-abed-b2db06b64dec&s=apparel&sp_csd=d2lkZ2V0TmFtZT1zcF9kZXRhaWwy&th=1&linkCode=sl1&tag=kayosaffili06-20&linkId=4e0e0f67b12622ce4d5e9704c71bd3c0&language=pt_BR&ref_=as_li_ss_tl&psc=1,OK,Amazon.com.br,NÃO
Tênis Ramarim Feminino Sneaker Original 2497206,https://www.amazon.com.br/dp/B0F1DQFF44?pf_rd_p=1868afab-d777-4b70-8899-1b323ad91d95&pf_rd_r=NAGPDGC1Z23W6FE5WY4F&pd_rd_wg=nwjjt&pd_rd_w=W449M&content-id=amzn1.sym.1868afab-d777-4b70-8899-1b323ad91d95&pd_rd_r=0db527c4-782f-40a5-b8fd-9be72c68ab12&s=apparel&sp_csd=d2lkZ2V0TmFtZT1zcF9kZXRhaWw&th=1&linkCode=sl1&tag=kayosaffili06-20&linkId=0f2b2f71cd448aea6cd442be10d89158&language=pt_BR&ref_=as_li_ss_tl&psc=1,OK,Amazon.com.br,NÃO
Tênis Vizzano Feminino Sneaker Mmoda Original,https://www.amazon.com.br/Vizzano-Feminino-Sneaker-Original-Num%C3%A9rico/dp/B0DJQ1X934?__mk_pt_BR=%C3%85M%C3%85%C5%BD%C3%95%C3%91&crid=677BVYST9U5C&dib=eyJ2IjoiMSJ9.QSGTItut8N8apzbLPN7eAremT5JPMZGfMQsQmggCtJeNxLYOT3cMOj7T067e7uwVbLNaNPtN5sapjDL3SQej-gRexfH6yXyZwukadCboXzmC7WqiTHDTohn1XUzuk7uV_FdfNhlVOSRN3bD3R3_2vQdpfEIwbvezNAd3qAfVlzqcCOa32DRPbOWYah0QcNpv6PblVKPILJ0g-dybCrDXP7bBBRHicoGJ_KbLBZkCMueSlcVWvw-1eRyVWZ-BhVbeNqxvdMRcmEB2jcvjHtwN7DtDgJWHzK0YAMsCUlmE_6k.2uNgAMftbyq2Sbj0ek6y1-NP1mLRc2zSHJDC1514AMs&dib_tag=se&keywords=TENIS%2BFEMININO&qid=1752089400&s=apparel&sprefix=tenis%2Bfeminino%2Cfashion%2C213&sr=1-4-spons&ufe=app_do%3Aamzn1.fos.fcd6d665-32ba-4479-9f21-b774e276a678&sp_csd=d2lkZ2V0TmFtZT1zcF9hdGY&th=1&linkCode=sl1&tag=kayosaffili06-20&linkId=da7a2ba5203d17eea184ee9500029dad&language=pt_BR&ref_=as_li_ss_tl&psc=1,OK,Amazon.com.br,NÃO
Camisetas Masculina Kit 2 Peças 100% Algodão Premium Casual,https://www.amazon.com.br/dp/B0FFWC4JRS?pf_rd_p=b0d855ab-21fd-49b1-ae3e-5a01e562f959&pf_rd_r=5XY51ZXNSSTYYVRRHNBF&pd_rd_wg=G3AKA&pd_rd_w=ZYIBr&content-id=amzn1.sym.b0d855ab-21fd-49b1-ae3e-5a01e562f959&pd_rd_r=0d0cea34-08df-4c4d-b3ab-070dc1929292&sp_csd=d2lkZ2V0TmFtZT1zcF9kZXRhaWwy&th=1&linkCode=sl1&tag=kayosaffili06-20&linkId=e62447e9f50f1ba50a49f19b130661ae&language=pt_BR&ref_=as_li_ss_tl&psc=1,OK,Amazon.com.br,NÃO
Kit 3 Bermudas Jeans Masculina Lycra Elastano,https://www.amazon.com.br/Bermudas-Jeans-Masculina-Lycra-Elastano/dp/B09DVZZX41?pd_rd_w=ZzBMy&content-id=amzn1.sym.0c225ccc-ba61-4ed7-8ec2-00a23aa4a681&pf_rd_p=0c225ccc-ba61-4ed7-8ec2-00a23aa4a681&pf_rd_r=VRXH6A69XCP1NXBK3YNR&pd_rd_wg=oZzjE&pd_rd_r=1d1d8e32-d253-4cc7-9f94-588be40cbcb6&pd_rd_i=B09DVZZX41&th=1&linkCode=sl1&tag=kayosaffili06-20&linkId=4545f3c03302863c308d808a35e365cc&language=pt_BR&ref_=as_li_ss_tl&psc=1,OK,Amazon.com.br,NÃO
Tech T-shirt Long Sleeve Masculino,https://www.amazon.com.br/dp/B0CTN4DKZ1?pf_rd_p=b0d855ab-21fd-49b1-ae3e-5a01e562f959&pf_rd_r=XW8837Z3FQN7H8XV2VAQ&pd_rd_wg=rra3C&pd_rd_w=uM4D1&content-id=amzn1.sym.b0d855ab-21fd-49b1-ae3e-5a01e562f959&pd_rd_r=41a4a7cb-31f7-402c-bbb6-8e337b8847fd&sp_csd=d2lkZ2V0TmFtZT1zcF9kZXRhaWwy&th=1&linkCode=sl1&tag=kayosaffili06-20&linkId=55170862f0426edd8015ff06457a1ed8&language=pt_BR&ref_=as_li_ss_tl&psc=1,OK,Amazon.com.br,NÃO
Camisetas Masculina Kit 2 Peças 100% Algodão Premium Casual,https://www.amazon.com.br/dp/B0FFWVBHP3?pf_rd_p=b0d855ab-21fd-49b1-ae3e-5a01e562f959&pf_rd_r=25XMZAXHHPR6BYBVZ34V&pd_rd_wg=Zo0et&pd_rd_w=jyNzm&content-id=amzn1.sym.b0d855ab-21fd-49b1-ae3e-5a01e562f959&pd_rd_r=72f15fa8-f881-445f-ba4f-f9382515200d&sp_csd=d2lkZ2V0TmFtZT1zcF9kZXRhaWwy&th=1&linkCode=sl1&tag=kayosaffili06-20&linkId=8fccba0802cd328235d046c6327d737f&language=pt_BR&ref_=as_li_ss_tl&psc=1,Erro HTTP 500,,N/A
Kit Promocional 5 Camisas Blusa Oversized Longline Masculina,https://www.amazon.com.br/dp/B0BSGBVJK1?pd_rd_i=B0BSGBVJK1&pd_rd_w=Zg5mh&content-id=amzn1.sym.b0d855ab-21fd-49b1-ae3e-5a01e562f959&pf_rd_p=b0d855ab-21fd-49b1-ae3e-5a01e562f959&pf_rd_r=92BT8BKCQ8CN8QC06SS2&pd_rd_wg=KYQ4J&pd_rd_r=738600a3-f65b-440b-98dc-212a8be44c28&sp_csd=d2lkZ2V0TmFtZT1zcF9kZXRhaWwy&th=1&linkCode=sl1&tag=kayosaffili06-20&linkId=e4e845aedbe1480644f0feb5752315cc&language=pt_BR&ref_=as_li_ss_tl&psc=1,OK,Amazon.com.br,NÃO
Camisa Social Masculina Slim Fit Manga Longa,https://www.amazon.com.br/dp/B0DK2H5JN3?pd_rd_i=B0DXFNFX9V&pd_rd_w=A6lW7&content-id=amzn1.sym.b0d855ab-21fd-49b1-ae3e-5a01e562f959&pf_rd_p=b0d855ab-21fd-49b1-ae3e-5a01e562f959&pf_rd_r=YY3TW3AZT8FHCFXHJWN3&pd_rd_wg=dP0PZ&pd_rd_r=564d2ee4-0324-47b4-9c45-f67f51adfe84&sp_csd=d2lkZ2V0TmFtZT1zcF9kZXRhaWwy&th=1&linkCode=sl1&tag=kayosaffili06-20&linkId=e42413689389688ee4bc1d96d33c3ff6&language=pt_BR&ref_=as_li_ss_tl&psc=1,OK,Amazon.com.br,NÃO
Camiseta Plus Size Algodão Premium Confortável Caveira Black,https://www.amazon.com.br/dp/B0CTL29Z9Q?pf_rd_p=b0d855ab-21fd-49b1-ae3e-5a01e562f959&pf_rd_r=3JBMVRTBTAEV362XEA8W&pd_rd_wg=RsxzD&pd_rd_w=bVBdS&content-id=amzn1.sym.b0d855ab-21fd-49b1-ae3e-5a01e562f959&pd_rd_r=8a1c40b4-7137-4f40-aaad-5916af450aae&sp_csd=d2lkZ2V0TmFtZT1zcF9kZXRhaWwy&th=1&linkCode=sl1&tag=kayosaffili06-20&linkId=b7748d1060809bca6808e24a7b4b4650&language=pt_BR&ref_=as_li_ss_tl&psc=1,OK,Amazon.com.br,NÃO
Camiseta Masculina 100% Algodão Estampa Neutra Básica,https://www.amazon.com.br/dp/B0DDDL5KW3?pf_rd_p=b0d855ab-21fd-49b1-ae3e-5a01e562f959&pf_rd_r=VTJSTA794Z101QX0E85H&pd_rd_wg=aPEfb&pd_rd_w=hemr5&content-id=amzn1.sym.b0d855ab-21fd-49b1-ae3e-5a01e562f959&pd_rd_r=b2ebbfc7-726d-4c74-b059-a7814f931931&sp_csd=d2lkZ2V0TmFtZT1zcF9kZXRhaWwy&th=1&linkCode=sl1&tag=kayosaffili06-20&linkId=1a314d9e0946c1d801a3a2f32a3cb92f&language=pt_BR&ref_=as_li_ss_tl&psc=1,OK,Amazon.com.br,NÃO
Kit 10 Camiseta Masculina Premium Lisa Algodão Qualidade,https://www.amazon.com.br/Camiseta-Masculina-Premium-Qualidade-Colorido/dp/B0FGDF35FX?pd_rd_w=O6SIA&content-id=amzn1.sym.a6bf656f-dec5-4bf8-a331-f2631d86c1a8&pf_rd_p=a6bf656f-dec5-4bf8-a331-f2631d86c1a8&pf_rd_r=MDBEZQH8K2R5SJY4C90K&pd_rd_wg=Cmmao&pd_rd_r=132b0ccf-972a-4106-af26-7dc51611e3aa&pd_rd_i=B0FGDG71C9&th=1&linkCode=sl1&tag=kayosaffili06-20&linkId=a1db21fa17a5ef1c511f000fa2c391ce&language=pt_BR&ref_=as_li_ss_tl&psc=1,OK,Amazon.com.br,NÃO
Kit com 06 Cuecas Slip Zorba Comfort 674 Preto/Branco/Chumbo – P Sortido,https://www.amazon.com.br/dp/B0BFJPRCFY?pf_rd_p=b0d855ab-21fd-49b1-ae3e-5a01e562f959&pf_rd_r=WKZSZ9EMJSSWB9ZVBTWC&pd_rd_wg=BkmQv&pd_rd_w=ZjBPH&content-id=amzn1.sym.b0d855ab-21fd-49b1-ae3e-5a01e562f959&pd_rd_r=4c41bbe7-043a-436a-a07e-43d1131f4434&sp_csd=d2lkZ2V0TmFtZT1zcF9kZXRhaWwy&th=1&linkCode=sl1&tag=kayosaffili06-20&linkId=73231c7193c79c30e4b57193237172d7&language=pt_BR&ref_=as_li_ss_tl&psc=1,OK,Amazon.com.br,NÃO
Kit 11 Cuecas Boxer Reebok Masculinas Microfibra Adulto Box Sem Costura,https://www.amazon.com.br/Reebok-Masculinas-Microfibra-Costura-Sortidos/dp/B0CZPLFJVG?pd_rd_w=f6j5Y&content-id=amzn1.sym.0c225ccc-ba61-4ed7-8ec2-00a23aa4a681&pf_rd_p=0c225ccc-ba61-4ed7-8ec2-00a23aa4a681&pf_rd_r=XCNCJR81Y526NGFW08KJ&pd_rd_wg=tZvX4&pd_rd_r=6dfccd5b-b1cf-4f48-a372-24369671a463&pd_rd_i=B0CZPLFJVG&th=1&linkCode=sl1&tag=kayosaffili06-20&linkId=213f499b8cfa3582e6c26bc7d1c8ec6c&language=pt_BR&ref_=as_li_ss_tl&psc=1,OK,Amazon.com.br,NÃO
Kit 9 Cuecas Boxer Reebok Masculinas Microfibra Adulto Box Sem Costura+ 2 Meias,https://www.amazon.com.br/dp/B0D6Z3CVLN?pd_rd_i=B0D6Z3CVLN&pd_rd_w=Sps3X&content-id=amzn1.sym.b0d855ab-21fd-49b1-ae3e-5a01e562f959&pf_rd_p=b0d855ab-21fd-49b1-ae3e-5a01e562f959&pf_rd_r=8YZ1NMYHSJDM288AM0WP&pd_rd_wg=UPFwD&pd_rd_r=f032d0cb-8159-48a1-bb09-901e94e17fb8&sp_csd=d2lkZ2V0TmFtZT1zcF9kZXRhaWwy&th=1&linkCode=sl1&tag=kayosaffili06-20&linkId=6dd6afd3fc2513f494c11d5ad9ae772b&language=pt_BR&ref_=as_li_ss_tl&psc=1,OK,"Kit 9 Cuecas Boxer Reebok Masculinas Microfibra Adulto Box Sem Costura+ 2 Meias (BR, Alfa, P, Regular, Sortido) | Amazon.com.br",SIM
Kit 3 Pares Meia Social Mash Lisa Fina Clássica Cano Longo Adulto,https://www.amazon.com.br/Meia-Social-Cl%C3%A1ssica-Lisa-Fina/dp/B0F1ZGJLZH?pd_rd_w=mWPSk&content-id=amzn1.sym.0c225ccc-ba61-4ed7-8ec2-00a23aa4a681&pf_rd_p=0c225ccc-ba61-4ed7-8ec2-00a23aa4a681&pf_rd_r=7KXRG3AMFEYBHE3QTMN7&pd_rd_wg=Mxy3P&pd_rd_r=9aed66bb-881d-4ebf-a676-2bf450cd8653&pd_rd_i=B0F1ZGJLZH&th=1&linkCode=sl1&tag=kayosaffili06-20&linkId=6715e8e8ab212bdb73ad15d6dc14e329&language=pt_BR&ref_=as_li_ss_tl&psc=1,OK,Amazon.com.br,NÃO
Bermuda Masculina Corrida Treino Academia Musculação 2 em 1 Surty Athletic Code,https://www.amazon.com.br/dp/B08V23V532?pd_rd_i=B08V23V532&pd_rd_w=mgdDk&content-id=amzn1.sym.b0d855ab-21fd-49b1-ae3e-5a01e562f959&pf_rd_p=b0d855ab-21fd-49b1-ae3e-5a01e562f959&pf_rd_r=BKQBYG36KCMMXTT74GD2&pd_rd_wg=q7nVS&pd_rd_r=2fab18c3-5914-4aec-9fc0-ef0ba19218c7&sp_csd=d2lkZ2V0TmFtZT1zcF9kZXRhaWwy&th=1&linkCode=sl1&tag=kayosaffili06-20&linkId=c985b6673cebf8c9bd5dfa5b6f71704a&language=pt_BR&ref_=as_li_ss_tl&psc=1,OK,"Bermuda Masculina 2 em 1 Surty Athletic Code (Preto, P) | Amazon.com.br",NÃO
Kit 3 Bermudas Moletom Masculino Short Academia,https://www.amazon.com.br/Bermudas-Moletom-Masculino-Short-Academia/dp/B09DW1CWHR?pd_rd_w=dpm3X&content-id=amzn1.sym.0c225ccc-ba61-4ed7-8ec2-00a23aa4a681&pf_rd_p=0c225ccc-ba61-4ed7-8ec2-00a23aa4a681&pf_rd_r=83FT6RJDVT4NYF0AHAZA&pd_rd_wg=266CS&pd_rd_r=e249eed6-6983-4ea8-bc37-51c003d4262f&pd_rd_i=B09DW1CWHR&th=1&linkCode=sl1&tag=kayosaffili06-20&linkId=977e5364191f9e7b65f4585059b5d799&language=pt_BR&ref_=as_li_ss_tl&psc=1,OK,Amazon.com.br,NÃO
Kit 3 Camisetas Básicas Masculinas Sandrini Preto ou Sortido Algodão Premium Conforto Casual Dia a Dia,https://www.amazon.com.br/dp/B0F8RGG3WG?pf_rd_p=b0d855ab-21fd-49b1-ae3e-5a01e562f959&pf_rd_r=WN8XTWB6198499K0EJ0A&pd_rd_wg=8fIqc&pd_rd_w=XV7yh&content-id=amzn1.sym.b0d855ab-21fd-49b1-ae3e-5a01e562f959&pd_rd_r=15284dd4-e4fe-4b56-a458-7496304eb2a8&s=apparel&sp_csd=d2lkZ2V0TmFtZT1zcF9kZXRhaWwy&th=1&linkCode=sl1&tag=kayosaffili06-20&linkId=85a3c407958063a9f3192c1d602df43f&language=pt_BR&ref_=as_li_ss_tl&psc=1,OK,Amazon.com.br,NÃO
Kit com 04 Camisetas Proteção UV Masculina UV50+ Secagem Rápida Cores,https://www.amazon.com.br/dp/B0BHMDXXYH?pd_rd_i=B0BHMDXXYH&pd_rd_w=dTmQN&content-id=amzn1.sym.b0d855ab-21fd-49b1-ae3e-5a01e562f959&pf_rd_p=b0d855ab-21fd-49b1-ae3e-5a01e562f959&pf_rd_r=ZV6S2WZ6H3JC01GMB311&pd_rd_wg=c7vKK&pd_rd_r=4ee3f991-f47e-4b09-a18f-31421baec06a&s=apparel&sp_csd=d2lkZ2V0TmFtZT1zcF9kZXRhaWwy&th=1&linkCode=sl1&tag=kayosaffili06-20&linkId=06d23083fd895121c4a61b0e1af71fa6&language=pt_BR&ref_=as_li_ss_tl&psc=1,OK,Amazon.com.br,NÃO
Calça Jeans Carpinteira Country Masculina com Elastano Montaria Muladeiro Rodeio Agro Tecido Legitimo,https://www.amazon.com.br/dp/B0DHF1BFGG?pd_rd_i=B0DHF1BFGG&pd_rd_w=TEzXw&content-id=amzn1.sym.b0d855ab-21fd-49b1-ae3e-5a01e562f959&pf_rd_p=b0d855ab-21fd-49b1-ae3e-5a01e562f959&pf_rd_r=XXK1HEFNQ7E96VE7W6ZN&pd_rd_wg=7ijri&pd_rd_r=6caccfa9-7083-436f-af00-60ee71be1b89&sp_csd=d2lkZ2V0TmFtZT1zcF9kZXRhaWwy&th=1&linkCode=sl1&tag=kayosaffili06-20&linkId=0333291669b3669ecdcc03d963a3b3a4&language=pt_BR&ref_=as_li_ss_tl&psc=1,OK,Amazon.com.br,NÃO
Kit 2 Bermudas Jeans Masculina Plus Size Tradicional Almix,https://www.amazon.com.br/Bermudas-Masculina-Tradicional-Almix-Escuro/dp/B0D2JG9L5F?pd_rd_w=sp13W&content-id=amzn1.sym.0c225ccc-ba61-4ed7-8ec2-00a23aa4a681&pf_rd_p=0c225ccc-ba61-4ed7-8ec2-00a23aa4a681&pf_rd_r=CMVXWYQ0PM7ZCZ6PB7BJ&pd_rd_wg=P5Gj7&pd_rd_r=4d093b4f-8acf-4d99-8155-6633dd0b8db6&pd_rd_i=B0D2JG9L5F&th=1&linkCode=sl1&tag=kayosaffili06-20&linkId=27c72be3f0b88b617d63cb492db8cc3a&language=pt_BR&ref_=as_li_ss_tl&psc=1,OK,Amazon.com.br,NÃO
Kit 2 Short Calção Futebol Academia Bermuda Masculino Adulto,https://www.amazon.com.br/Bermuda-Masculina-Futebol-Academia-Fitness/dp/B0DY1ZF53K?pd_rd_w=zrldc&content-id=amzn1.sym.0c225ccc-ba61-4ed7-8ec2-00a23aa4a681&pf_rd_p=0c225ccc-ba61-4ed7-8ec2-00a23aa4a681&pf_rd_r=5FT9C8ZZ2M41C55AZ289&pd_rd_wg=hPlK8&pd_rd_r=46ea9bb4-74d1-46bd-845d-3742d0aedbe2&pd_rd_i=B0DY1TGXND&th=1&linkCode=sl1&tag=kayosaffili06-20&linkId=ef25a7f266dea17fc41f9fdd799d7cf1&language=pt_BR&ref_=as_li_ss_tl&psc=1,OK,Amazon.com.br,NÃO
Kit com 3 Camisetas UV Masculinas Proteção Solar UV50+ Tecido Ice Slim Fitness,https://www.amazon.com.br/dp/B0DJWMVDJ5?pd_rd_i=B0DJWMVDJ5&pd_rd_w=moZO1&content-id=amzn1.sym.b0d855ab-21fd-49b1-ae3e-5a01e562f959&pf_rd_p=b0d855ab-21fd-49b1-ae3e-5a01e562f959&pf_rd_r=K4Z7E6R54C7RBE5SCQBY&pd_rd_wg=eBNlC&pd_rd_r=afd13c43-3aa6-4de7-89ac-48c00c6fdb19&s=apparel&sp_csd=d2lkZ2V0TmFtZT1zcF9kZXRhaWwy&th=1&linkCode=sl1&tag=kayosaffili06-20&linkId=2f3acfd9b8ada17d8fd04a45f9948959&language=pt_BR&ref_=as_li_ss_tl&psc=1,OK,Amazon.com.br,NÃO
Kit Com 3 Camiseta Blusa Regata Camisa Masculinas Meia Malha,https://www.amazon.com.br/dp/B0BTZ53VB7?pd_rd_i=B0BTZ53VB7&pd_rd_w=5GiD5&content-id=amzn1.sym.b0d855ab-21fd-49b1-ae3e-5a01e562f959&pf_rd_p=b0d855ab-21fd-49b1-ae3e-5a01e562f959&pf_rd_r=F7MS1954H0AG4NJYE8CQ&pd_rd_wg=depDr&pd_rd_r=e67c4354-7f64-462d-bde4-44f48ee51593&s=apparel&sp_csd=d2lkZ2V0TmFtZT1zcF9kZXRhaWwy&th=1&linkCode=sl1&tag=kayosaffili06-20&linkId=6169921108b7765a087a20e19e2c4b86&language=pt_BR&ref_=as_li_ss_tl&psc=1,OK,Amazon.com.br,NÃO
Kit Com 3 Camisetas Longline Masculina Básica Cristã Academia Malhar Corrida Overzized,https://www.amazon.com.br/dp/B0BNY4WG2T?pf_rd_p=1868afab-d777-4b70-8899-1b323ad91d95&pf_rd_r=C376XHC8R5N0Y1YWK044&pd_rd_wg=UGn6Y&pd_rd_w=aEVkf&content-id=amzn1.sym.1868afab-d777-4b70-8899-1b323ad91d95&pd_rd_r=95ccd7c6-5564-4bc9-8a5c-130bcc606d98&s=apparel&sp_csd=d2lkZ2V0TmFtZT1zcF9kZXRhaWw&th=1&linkCode=sl1&tag=kayosaffili06-20&linkId=1952a444cd5ea1ea4cd396894187d20b&language=pt_BR&ref_=as_li_ss_tl&psc=1,OK,Amazon.com.br,NÃO
Kit 7 Camiseta Masculina Premium Lisa Algodão Qualidade,https://www.amazon.com.br/dp/B0FGDFCZP6/ref=sspa_dk_detail_5?pd_rd_i=B0FGDFCZP6&pd_rd_w=32EJJ&content-id=amzn1.sym.b0d855ab-21fd-49b1-ae3e-5a01e562f959&pf_rd_p=b0d855ab-21fd-49b1-ae3e-5a01e562f959&pf_rd_r=BZ5JC8FZ9E7GY5SZTKPN&pd_rd_wg=yhMne&pd_rd_r=691c98af-bb4f-4514-897b-861e61ecb751&s=apparel&sp_csd=d2lkZ2V0TmFtZT1zcF9kZXRhaWwy&smid=A2EVDERSGBDGF1&th=1&psc=1,OK,Amazon.com.br,NÃO
Code Zero Camisa polo masculina Stake F1 Kick Sauber 2025,https://www.amazon.com.br/dp/B0F22KQ5TV?pf_rd_p=b0d855ab-21fd-49b1-ae3e-5a01e562f959&pf_rd_r=SRAE6P97XXBJ2DJE15QD&pd_rd_wg=xUY7d&pd_rd_w=6RgTd&content-id=amzn1.sym.b0d855ab-21fd-49b1-ae3e-5a01e562f959&pd_rd_r=a6a43447-e219-4b32-9e72-65dd264c6364&s=apparel&sp_csd=d2lkZ2V0TmFtZT1zcF9kZXRhaWwy&th=1&linkCode=sl1&tag=kayosaffili06-20&linkId=92577f0a77a429cef61e8e35d32e6827&language=pt_BR&ref_=as_li_ss_tl&psc=1,OK,Amazon.com.br,NÃO
Camisa Polo Plus Masculina Tipo Tricot Algodão Modelagem Moderna Confortável do P ao G3,https://www.amazon.com.br/Masculina-Algod%C3%A3o-Modelagem-Moderna-Confort%C3%A1vel/dp/B0FD8ZTZ9M?__mk_pt_BR=%C3%85M%C3%85%C5%BD%C3%95%C3%91&crid=1XBTUQU9HT6NY&dib=eyJ2IjoiMSJ9.i7XbmGG0noC8eOcT5OhoOwcvtkuOYpUdYU0zxS4hJDA0w_Vn_iO2jJAA5UwKHubHWIYRrmDEiUeoeo2sNmxNbZJ9yNGVd5fiOdCInFBHaMbqe_tvUVbmUKz4qy-EV_Gx3u0OQtxppHhYNGpIT8Y5_LmTRTVzautdx6RCz5Bnx3NpYP_sIL4o6Fxml1wLyFt8_pqp1lEB0vIF9YNNDj1YH0KEo4kY9J1ol892jfPREoma7sHLafMAFHP3z9Z8uw9FU4qEiIU7dGFg0A29u5reQeKnOrQawUHd222XiCHJsdU.zkTeeSHnisnQ1pZ4_kp8tUf1LFn9A96JvBlR7ZVG5wc&dib_tag=se&keywords=CAMISA+POLO+MASCULINA&qid=1752081401&s=apparel&sprefix=camisa+polo+masculina,OK,Amazon.com.br,NÃO
Chinelo Casual Confort Nuvem Birken Macio Leve Confortável,https://www.amazon.com.br/dp/B0F24NDCDH?pf_rd_p=b0d855ab-21fd-49b1-ae3e-5a01e562f959&pf_rd_r=NJPYYG83CQ3JNE8351FN&pd_rd_wg=dWyEf&pd_rd_w=XQbmI&content-id=amzn1.sym.b0d855ab-21fd-49b1-ae3e-5a01e562f959&pd_rd_r=3798f42c-52f4-4ae6-bd09-336099749c8c&sp_csd=d2lkZ2V0TmFtZT1zcF9kZXRhaWwy&th=1&linkCode=sl1&tag=kayosaffili06-20&linkId=7727803dd34796a296c4b876b608e4ab&language=pt_BR&ref_=as_li_ss_tl&psc=1,OK,Amazon.com.br,NÃO
Chinelo DuRio Ultra Premium Neo Black Indicado Para Esporão e Fascite Plantar,https://www.amazon.com.br/dp/B0BQLDKFMZ?pd_rd_i=B0BQLDKFMZ&pd_rd_w=7Dtv6&content-id=amzn1.sym.b0d855ab-21fd-49b1-ae3e-5a01e562f959&pf_rd_p=b0d855ab-21fd-49b1-ae3e-5a01e562f959&pf_rd_r=PNPE5WYHTKWV3WS7QSZ6&pd_rd_wg=Sg4uN&pd_rd_r=06f15a17-7b3c-4c2e-9561-822a095982b2&sp_csd=d2lkZ2V0TmFtZT1zcF9kZXRhaWwy&th=1&linkCode=sl1&tag=kayosaffili06-20&linkId=b9de97cd9b90312c03c649079ac7cd29&language=pt_BR&ref_=as_li_ss_tl&psc=1,OK,Amazon.com.br,NÃO
Chinelo Masculino Olympikus Caraiva,https://www.amazon.com.br/Chinelo-Masculino-Olympikus-Caraiva-Preto/dp/B0D11RWFBW?pd_rd_w=tmP58&content-id=amzn1.sym.0c225ccc-ba61-4ed7-8ec2-00a23aa4a681&pf_rd_p=0c225ccc-ba61-4ed7-8ec2-00a23aa4a681&pf_rd_r=X3CFVW26BM9R6Y8QYDHM&pd_rd_wg=vnVue&pd_rd_r=351a4932-3c70-482a-820a-4716a10fa178&pd_rd_i=B0D11RWFBW&th=1&linkCode=sl1&tag=kayosaffili06-20&linkId=b9ecb650e4506fc0a2676e2d8866d5d9&language=pt_BR&ref_=as_li_ss_tl&psc=1,OK,Amazon.com.br,NÃO
Chinelo Havaianas Sandalias Havaianas Brasil Light adulto-unissex,https://www.amazon.com.br/dp/B09XJF7QR8?pf_rd_p=b0d855ab-21fd-49b1-ae3e-5a01e562f959&pf_rd_r=APFGRX221VJXGRW8VBST&pd_rd_wg=4mDEB&pd_rd_w=AwRea&content-id=amzn1.sym.b0d855ab-21fd-49b1-ae3e-5a01e562f959&pd_rd_r=a42cfc62-164f-4bfa-a785-4e18a84fee4d&s=apparel&sp_csd=d2lkZ2V0TmFtZT1zcF9kZXRhaWwy&th=1&linkCode=sl1&tag=kayosaffili06-20&linkId=1b1025441495884f30ede895c9f86936&language=pt_BR&ref_=as_li_ss_tl&psc=1,OK,Amazon.com.br,NÃO
Chinelo Havaianas Top Basic,https://www.amazon.com.br/dp/B0C66GH6WV?pf_rd_p=b0d855ab-21fd-49b1-ae3e-5a01e562f959&pf_rd_r=CF8RAB7F54SC8AK4ZPMV&pd_rd_wg=IZgQv&pd_rd_w=jbYlq&content-id=amzn1.sym.b0d855ab-21fd-49b1-ae3e-5a01e562f959&pd_rd_r=05f1533d-1324-46f0-9b88-6c330d720d56&s=apparel&sp_csd=d2lkZ2V0TmFtZT1zcF9kZXRhaWwy&th=1&linkCode=sl1&tag=kayosaffili06-20&linkId=9eeca16502436bb2446f74fa629cbb7f&language=pt_BR&ref_=as_li_ss_tl&psc=1,OK,Amazon.com.br,NÃO
Chinelo Kenner Rakka Ultra Force,https://www.amazon.com.br/dp/B0CZ4DGMDY?pd_rd_i=B0CZ4DGMDY&pd_rd_w=dCCbn&content-id=amzn1.sym.b0d855ab-21fd-49b1-ae3e-5a01e562f959&pf_rd_p=b0d855ab-21fd-49b1-ae3e-5a01e562f959&pf_rd_r=3X60HVKFGP5ZEW7PGZY5&pd_rd_wg=fPTon&pd_rd_r=5f151c8c-aa0c-4201-88d4-c54a79714ccd&s=apparel&sp_csd=d2lkZ2V0TmFtZT1zcF9kZXRhaWwy&th=1&linkCode=sl1&tag=kayosaffili06-20&linkId=e7556e929ddc8275ee86e8f7ae2ec3f0&language=pt_BR&ref_=as_li_ss_tl&psc=1,OK,Amazon.com.br,NÃO
Chinelo Kenner Kivah Full Force Gold Preto,https://www.amazon.com.br/Chinelo-Kenner-Kivah-Force-Preto/dp/B0CM6YRZC4?__mk_pt_BR=%C3%85M%C3%85%C5%BD%C3%95%C3%91&crid=2JJEAJPAN3Z7Q&dib=eyJ2IjoiMSJ9.zjix8VfoKFH0nzoBvBmIB_-YBSBXz7ZPqp7dZFkIu-f7z7euVTp3rwFrSKqK9hQf14xtHQrMj-j9m7vKs8ppVJ1zttRAwJbOpGtPG6IdGZPnqR5VMk2NabCLiq9Oi0s633BqZgCEMDa2KXh9fk0UQieIQGbwuMyTHgBTK7bVACecW8W0Tmr6YUFFlWyCe6tXUtJyv8BoqdHCsPt9FfjC5xaX3lM4fRYWfklXz5-Zf1Dxfb367L7varhP5WqXBTI3DacbJWrxm_eVYZ93VyOvqMhmcoEi7_2hddIgjdf-WZE.omyBbG-9bAS-AyDCEovhzPmmOsrSrFS4nIWJeyC5qNw&dib_tag=se&keywords=chinelo%2Bmasculino%2B45&qid=1752030307&s=apparel&sprefix=chinelo%2Bmasculino%2B45%2Cfashion%2C257&sr=1-81&ufe=app_do%3Aamzn1.fos.a492fd4a-f54d-4e8d-8c31-35e0a04ce61e&xpid=vkvaV3CudSVSo&th=1&linkCode=sl1&tag=kayosaffili06-20&linkId=454fc9fd63b23dee82339bfef5ce2ccc&language=pt_BR&ref_=as_li_ss_tl&psc=1,OK,Amazon.com.br,NÃO
Sandália Kenner Masculina Rakka Preto/dourado Dbu-02-44,https://www.amazon.com.br/SAND%C3%81LIA-CHINELO-MASCULINO-KENNER-AMORTECEDOR/dp/B0B6GRF1J3?__mk_pt_BR=%C3%85M%C3%85%C5%BD%C3%95%C3%91&crid=2E5EAVKF8ASMZ&dib=eyJ2IjoiMSJ9.yZm6S2BPtPk5WUd8zdTUkqpfy-UO2maiS2vpkPouyltJXurW8PVwbCjbaQcoy-RMFho6omqXF16cM9hrtUT4LIOOS82YBHovs_dMGPD0QkgCpgoKd30J7CSzOhSF7uAsCjUENX-DahCY6zWgPaUr4f8_7pQHaDXvhNOB5HcFS8-j2Hde6KETD3zmuAz1swYspZpmb3C84enOH8yeqTyEyOb5T6W74qdUNOIHhHGIu-vXEOtzuVktKEnjTbOhofwXF3fwxghIIS_nJGuMeF8ZFknsLllZlZcrjaDSvU4TlQo.iR3m1anHfjIYoJ-5KF3Bs2JHGhbQNPUROcMxe4n5Iew&dib_tag=se&keywords=chinelo%2Bmasculino%2B45&qid=1752030113&s=apparel&sprefix=chinelo%2Bmasculino%2B45%2Cfashion%2C192&sr=1-17&ufe=app_do%3Aamzn1.fos.a492fd4a-f54d-4e8d-8c31-35e0a04ce61e&th=1&linkCode=sl1&tag=kayosaffili06-20&linkId=977e4e161232b7c0cbc520f9caa4ce1d&language=pt_BR&ref_=as_li_ss_tl&psc=1,OK,SANDÁLIA CHINELO MASCULINO KENNER RAKKA COM AMORTECEDOR Cor:Dourado;Tamanho:45 | Amazon.com.br,NÃO
Sandália Kenner Masculina Rakka L7NNON,https://www.amazon.com.br/Sand%C3%A1lia-Kenner-Masculina-Rakka-L7NNON/dp/B0BQPGNNKF?pd_rd_w=N3Vq4&content-id=amzn1.sym.0c225ccc-ba61-4ed7-8ec2-00a23aa4a681&pf_rd_p=0c225ccc-ba61-4ed7-8ec2-00a23aa4a681&pf_rd_r=X8SFRCCNHP8X7GA7JWVW&pd_rd_wg=bmiZf&pd_rd_r=f3909d46-bbc5-44df-b9eb-f78de96eebfb&pd_rd_i=B0BQPGNNKF&th=1&linkCode=sl1&tag=kayosaffili06-20&linkId=601e51305cf21140594b8729246adafc&language=pt_BR&ref_=as_li_ss_tl&psc=1,OK,Amazon.com.br,NÃO
Generic Chinelos Slide Nuvem 3D 100% Eva Macio Leve e Confortável,https://www.amazon.com.br/dp/B0D9ZF1Y1H?pf_rd_p=b0d855ab-21fd-49b1-ae3e-5a01e562f959&pf_rd_r=24FR92ZNQ28771TG3Z21&pd_rd_wg=ZTTvm&pd_rd_w=YruZ7&content-id=amzn1.sym.b0d855ab-21fd-49b1-ae3e-5a01e562f959&pd_rd_r=65cf8d59-248a-4bf9-b31a-d3a31f78cdbf&sp_csd=d2lkZ2V0TmFtZT1zcF9kZXRhaWwy&th=1&linkCode=sl1&tag=kayosaffili06-20&linkId=9c778f2a98e69359ed37f96a2ac1b7d4&language=pt_BR&ref_=as_li_ss_tl&psc=1,Erro HTTP 500,,N/A
Chinelo Nuvem Slide Leve Macio Antiderrapante Ortopédico,https://www.amazon.com.br/dp/B0CYVB9L5S?pf_rd_p=b0d855ab-21fd-49b1-ae3e-5a01e562f959&pf_rd_r=3GZN61SZFD2XEZT8STB8&pd_rd_wg=TgQC6&pd_rd_w=Dsu1r&content-id=amzn1.sym.b0d855ab-21fd-49b1-ae3e-5a01e562f959&pd_rd_r=a113f81d-eb8a-4d3d-85ef-ff245e6edde5&sp_csd=d2lkZ2V0TmFtZT1zcF9kZXRhaWwy&th=1&linkCode=sl1&tag=kayosaffili06-20&linkId=2718ce1d54726d71dd6911924e10e6e6&language=pt_BR&ref_=as_li_ss_tl&psc=1,OK,Amazon.com.br,NÃO
CHINELO BORABORA RECIFE PRIME COURO ATAN. BROWN MASCULINO,https://www.amazon.com.br/dp/B0FD46PP52?pf_rd_p=b0d855ab-21fd-49b1-ae3e-5a01e562f959&pf_rd_r=GPCD015070D5X05WHAJK&pd_rd_wg=2vGQt&pd_rd_w=CfKyj&content-id=amzn1.sym.b0d855ab-21fd-49b1-ae3e-5a01e562f959&pd_rd_r=76acb03d-dba7-4a75-a48c-76594d4de18d&sp_csd=d2lkZ2V0TmFtZT1zcF9kZXRhaWwy&th=1&linkCode=sl1&tag=kayosaffili06-20&linkId=6ebb41ef75042afe40b3bf3b12c9b56f&language=pt_BR&ref_=as_li_ss_tl&psc=1,OK,Amazon.com.br,NÃO
Chinelo Sandália Nuvem Masculino 100% EVA Ortopédico,https://www.amazon.com.br/dp/B0C59NLHV5?pf_rd_p=b0d855ab-21fd-49b1-ae3e-5a01e562f959&pf_rd_r=KGCG806ZTRTF7HPQWQ3F&pd_rd_wg=JCvbS&pd_rd_w=RaxFe&content-id=amzn1.sym.b0d855ab-21fd-49b1-ae3e-5a01e562f959&pd_rd_r=8567d2c3-2f63-4bae-af5c-630f4b2550e2&sp_csd=d2lkZ2V0TmFtZT1zcF9kZXRhaWwy&th=1&linkCode=sl1&tag=kayosaffili06-20&linkId=ab797506d4c9862b06a76c3b553e8151&language=pt_BR&ref_=as_li_ss_tl&psc=1,OK,Amazon.com.br,NÃO
Kit Três Pares Chinelo Slide Sandália Preto Branco Bege Unissex,https://www.amazon.com.br/dp/B0DGRSYN86?pf_rd_p=b0d855ab-21fd-49b1-ae3e-5a01e562f959&pf_rd_r=5QCAJHM54JVBZWZXW5ZC&pd_rd_wg=oucLP&pd_rd_w=PuS5T&content-id=amzn1.sym.b0d855ab-21fd-49b1-ae3e-5a01e562f959&pd_rd_r=e7aba868-1874-49ef-8a7a-1ce3af719685&sp_csd=d2lkZ2V0TmFtZT1zcF9kZXRhaWwy&th=1&linkCode=sl1&tag=kayosaffili06-20&linkId=cf91eed6fcb3f1bd6966b77d51f1d829&language=pt_BR&ref_=as_li_ss_tl&psc=1,OK,Amazon.com.br,NÃO
Chinelo Under Armour Daily Preto,https://www.amazon.com.br/Chinelo-Under-Armour-Unissex-Daily/dp/B0CCK3TS27?pd_rd_w=7MUoO&content-id=amzn1.sym.0c225ccc-ba61-4ed7-8ec2-00a23aa4a681&pf_rd_p=0c225ccc-ba61-4ed7-8ec2-00a23aa4a681&pf_rd_r=JTBJJND04PGH241RZK2G&pd_rd_wg=5dIQL&pd_rd_r=44da779d-57f5-404b-9314-e6cd1a7df140&pd_rd_i=B0CCK3TS27&th=1&linkCode=sl1&tag=kayosaffili06-20&linkId=86a5bf367786a4f7ca24873a3313cfa7&language=pt_BR&ref_=as_li_ss_tl&psc=1,OK,Amazon.com.br,NÃO
Chinelo DuRio Balance Esporão Fascite Ortopedico Macio Leve,https://www.amazon.com.br/dp/B0BRYW5Y75?pd_rd_i=B0BRYW5Y75&pd_rd_w=G6APg&content-id=amzn1.sym.b0d855ab-21fd-49b1-ae3e-5a01e562f959&pf_rd_p=b0d855ab-21fd-49b1-ae3e-5a01e562f959&pf_rd_r=4AVPEKBV474FK39PQCTC&pd_rd_wg=oq5hu&pd_rd_r=24a928c4-c2d1-4a6d-b256-13c1a285a659&sp_csd=d2lkZ2V0TmFtZT1zcF9kZXRhaWwy&th=1&linkCode=sl1&tag=kayosaffili06-20&linkId=99ce090db5cfa6e30d152d8bbdc9e966&language=pt_BR&ref_=as_li_ss_tl&psc=1,OK,Amazon.com.br,NÃO
Chinelo DuRio Air Color Conforto Para Esporão e Fascite Plantar,https://www.amazon.com.br/dp/B0CH96L6R7?pd_rd_i=B0CH96L6R7&pd_rd_w=7xQH5&content-id=amzn1.sym.b0d855ab-21fd-49b1-ae3e-5a01e562f959&pf_rd_p=b0d855ab-21fd-49b1-ae3e-5a01e562f959&pf_rd_r=X9RNKE3ZTFGCACP99PMW&pd_rd_wg=Dgl9w&pd_rd_r=70a63ba5-f688-4171-b170-ca571157270e&sp_csd=d2lkZ2V0TmFtZT1zcF9kZXRhaWwy&th=1&linkCode=sl1&tag=kayosaffili06-20&linkId=872322096d721cacdad548c4dce96a5f&language=pt_BR&ref_=as_li_ss_tl&psc=1,OK,Amazon.com.br,NÃO
Sandália Kenner Red Preto/verde Esmeralda Dnn-03-39,https://www.amazon.com.br/dp/B0BZTGTM8V?pf_rd_p=b0d855ab-21fd-49b1-ae3e-5a01e562f959&pf_rd_r=7S5DMM7V3WSRZFBKKK3C&pd_rd_wg=IjfDP&pd_rd_w=V4EbI&content-id=amzn1.sym.b0d855ab-21fd-49b1-ae3e-5a01e562f959&pd_rd_r=3215ae26-6c51-4c7f-8528-6b10d5575c40&sp_csd=d2lkZ2V0TmFtZT1zcF9kZXRhaWwy&th=1&linkCode=sl1&tag=kayosaffili06-20&linkId=6ef49ef0de1f3cd991c89b5dfcd90a84&language=pt_BR&ref_=as_li_ss_tl&psc=1,OK,Amazon.com.br,NÃO
Tênis Olympikus Marte,https://www.amazon.com.br/Olympikus-T%C3%AAnis-Marte/dp/B0DGMBLPSB?pd_rd_w=BSlHO&content-id=amzn1.sym.53b2f13e-ab3a-40f2-aab9-7e4b988d3762&pf_rd_p=53b2f13e-ab3a-40f2-aab9-7e4b988d3762&pf_rd_r=DNMGEWDXFSNF899X3558&pd_rd_wg=JowVp&pd_rd_r=4f4618fd-3313-4509-bd73-f01f3979090f&pd_rd_i=B0BXDVMWL9&th=1&linkCode=sl1&tag=kayosaffili06-20&linkId=4474f6a1c871b835654b082d37315c9d&language=pt_BR&ref_=as_li_ss_tl&psc=1,OK,Amazon.com.br,NÃO
Tênis Olympikus Aquarios Masculino,https://www.amazon.com.br/T%C3%AAnis-Olympikus-Aquarios-Masculino-Vermelho/dp/B0C783LF76?pd_rd_w=m5paN&content-id=amzn1.sym.0c225ccc-ba61-4ed7-8ec2-00a23aa4a681&pf_rd_p=0c225ccc-ba61-4ed7-8ec2-00a23aa4a681&pf_rd_r=SPZ0NSB7DFGYQNRA1PC6&pd_rd_wg=2BE61&pd_rd_r=7a61b867-8b8c-4664-9b6b-46deecf3b943&pd_rd_i=B0C783LF76&th=1&linkCode=sl1&tag=kayosaffili06-20&linkId=f8efc9bbdb6f71cc13512d1fddce16c1&language=pt_BR&ref_=as_li_ss_tl&psc=1,OK,Amazon.com.br,NÃO
Tênis Sapatenis Masculino Casual Couro Confortável Estilo,https://www.amazon.com.br/dp/B0FCMWRSCJ?pd_rd_i=B0FCMWRSCJ&pd_rd_w=V2VMV&content-id=amzn1.sym.b0d855ab-21fd-49b1-ae3e-5a01e562f959&pf_rd_p=b0d855ab-21fd-49b1-ae3e-5a01e562f959&pf_rd_r=VX2QTP7PFYYG418J23Y6&pd_rd_wg=jTjfu&pd_rd_r=cce65804-8b7c-4e2a-8ce3-0644affe243e&sp_csd=d2lkZ2V0TmFtZT1zcF9kZXRhaWwy&th=1&linkCode=sl1&tag=kayosaffili06-20&linkId=3bb47b309d41b6cb06a0bc9c74a069e0&language=pt_BR&ref_=as_li_ss_tl&psc=1,OK,Amazon.com.br,NÃO
Sapatênis Masculino Couro Legítimo Milano Palmilha de Gel Conforto 5810,https://www.amazon.com.br/dp/B0DTR6VVZC?pd_rd_i=B0DTR6VVZC&pd_rd_w=fMyEG&content-id=amzn1.sym.b0d855ab-21fd-49b1-ae3e-5a01e562f959&pf_rd_p=b0d855ab-21fd-49b1-ae3e-5a01e562f959&pf_rd_r=M9AQJ78C1FAWRX969G19&pd_rd_wg=9PS2P&pd_rd_r=1033f1c4-29af-40bc-9471-5d9706704fdf&sp_csd=d2lkZ2V0TmFtZT1zcF9kZXRhaWwy&th=1&linkCode=sl1&tag=kayosaffili06-20&linkId=1b5e388c1e9445facdfe294f63cea04b&language=pt_BR&ref_=as_li_ss_tl&psc=1,OK,Amazon.com.br,NÃO
Sapatênis Masculino Couro Legítimo Cano Alto com Zíper Lateral Elegance 1008,https://www.amazon.com.br/dp/B0CTFRT2KZ?pd_rd_i=B0CTFRT2KZ&pd_rd_w=Th1UT&content-id=amzn1.sym.b0d855ab-21fd-49b1-ae3e-5a01e562f959&pf_rd_p=b0d855ab-21fd-49b1-ae3e-5a01e562f959&pf_rd_r=N2C23RQRMQPG7YE40BGF&pd_rd_wg=78szL&pd_rd_r=30df8720-6b05-4524-86cc-0d0c88e6a538&sp_csd=d2lkZ2V0TmFtZT1zcF9kZXRhaWwy&th=1&linkCode=sl1&tag=kayosaffili06-20&linkId=64ce90eedb818f3e0628fe7f073fe91e&language=pt_BR&ref_=as_li_ss_tl&psc=1,OK,Amazon.com.br,NÃO
PEGADA Tênis masculino Broxton,https://www.amazon.com.br/dp/B09J3RXLHW?pd_rd_i=B09J3RXLHW&pd_rd_w=jgUz6&content-id=amzn1.sym.b0d855ab-21fd-49b1-ae3e-5a01e562f959&pf_rd_p=b0d855ab-21fd-49b1-ae3e-5a01e562f959&pf_rd_r=JS76HJ8H5HJ00MYP7EJ5&pd_rd_wg=48OxO&pd_rd_r=1171b895-e59c-4c6c-944f-67fadc265b54&sp_csd=d2lkZ2V0TmFtZT1zcF9kZXRhaWwy&th=1&linkCode=sl1&tag=kayosaffili06-20&linkId=f805ec78d3fc0213977f019ed39d8f0c&language=pt_BR&ref_=as_li_ss_tl&psc=1,OK,Amazon.com.br,NÃO
Bota Masculina Couro Legítimo Conforto Social Clássica 5062,https://www.amazon.com.br/dp/B0CTGQRDJQ?pd_rd_i=B0CTGQRDJQ&pd_rd_w=mo2ky&content-id=amzn1.sym.b0d855ab-21fd-49b1-ae3e-5a01e562f959&pf_rd_p=b0d855ab-21fd-49b1-ae3e-5a01e562f959&pf_rd_r=05W2JM5D8QQNG2TXSKF3&pd_rd_wg=j2m5Q&pd_rd_r=57cc099b-988e-4916-8cb4-3f95ce5b921c&sp_csd=d2lkZ2V0TmFtZT1zcF9kZXRhaWwy&th=1&linkCode=sl1&tag=kayosaffili06-20&linkId=26f78a4acd0b0afe43c9332c96426693&language=pt_BR&ref_=as_li_ss_tl&psc=1,Erro HTTP 500,,N/A
Coturno Masculino Militar Cano Alto Blaqueado 930,https://www.amazon.com.br/dp/B0DVFZNHNH?pd_rd_i=B0DVFZNHNH&pd_rd_w=12pIR&content-id=amzn1.sym.b0d855ab-21fd-49b1-ae3e-5a01e562f959&pf_rd_p=b0d855ab-21fd-49b1-ae3e-5a01e562f959&pf_rd_r=4Q3TQAQFAE7KJTN9R56X&pd_rd_wg=dGWz9&pd_rd_r=d8c6cd40-06f7-4d98-9c40-60c5c611e496&sp_csd=d2lkZ2V0TmFtZT1zcF9kZXRhaWwy&th=1&linkCode=sl1&tag=kayosaffili06-20&linkId=094915cf9f49a46b64444bff47e998f2&language=pt_BR&ref_=as_li_ss_tl&psc=1,OK,Amazon.com.br,NÃO
Bota Coturno Masculina Épico Moderna Casual Dia A Dia Confortavel,https://www.amazon.com.br/dp/B0CMRSF5HX?pf_rd_p=b0d855ab-21fd-49b1-ae3e-5a01e562f959&pf_rd_r=RSYXM56EH92BM4YCYXNR&pd_rd_wg=bYtoL&pd_rd_w=MGXP6&content-id=amzn1.sym.b0d855ab-21fd-49b1-ae3e-5a01e562f959&pd_rd_r=e83b3611-de40-4458-8d05-f962c83d5c1c&sp_csd=d2lkZ2V0TmFtZT1zcF9kZXRhaWwy&th=1&linkCode=sl1&tag=kayosaffili06-20&linkId=02aec06c37a719fcae1b59c665da7a4e&language=pt_BR&ref_=as_li_ss_tl&psc=1,OK,Amazon.com.br,NÃO
OSSTONE Botas de motocicleta masculinas modernas com cadarço de couro Chukka botas casuais chuteiras de metal OS-6015-3-A-US-R metal preto,https://www.amazon.com.br/dp/B0CNP99HPS?pf_rd_p=b0d855ab-21fd-49b1-ae3e-5a01e562f959&pf_rd_r=BENQN70R6DP1H962S7GF&pd_rd_wg=rmpaF&pd_rd_w=KElve&content-id=amzn1.sym.b0d855ab-21fd-49b1-ae3e-5a01e562f959&pd_rd_r=f3bb8662-5cff-4c06-af43-d615d0964509&sp_csd=d2lkZ2V0TmFtZT1zcF9kZXRhaWwy&th=1&linkCode=sl1&tag=kayosaffili06-20&linkId=e865ca922b5fd5e7a558c81562201f22&language=pt_BR&ref_=as_li_ss_tl&psc=1,OK,Amazon.com.br,NÃO
OSSTONE Botas de motocicleta masculinas modernas com cadarço de couro Chukka OS-6015-2-retro-marrom-US-R,https://www.amazon.com.br/dp/B0CNPHZ9P2?pf_rd_p=b0d855ab-21fd-49b1-ae3e-5a01e562f959&pf_rd_r=PMXRATEB466KJT97N1Y8&pd_rd_wg=kJ2Q9&pd_rd_w=LnQXb&content-id=amzn1.sym.b0d855ab-21fd-49b1-ae3e-5a01e562f959&pd_rd_r=99deca97-c01e-46f1-9c31-902230858c69&sp_csd=d2lkZ2V0TmFtZT1zcF9kZXRhaWwy&th=1&linkCode=sl1&tag=kayosaffili06-20&linkId=9b9fe3eaff6a61b2ef77a398fc4a778d&language=pt_BR&ref_=as_li_ss_tl&psc=1,OK,Amazon.com.br,NÃO
OSSTONE Botas de Moto para Homens Moda Zíper Botas Chukka Sapatos Casuais OS-5008-1-AA-US-R,https://www.amazon.com.br/dp/B08VDDYRZY?pd_rd_i=B08VDDYRZY&pd_rd_w=ZtJKQ&content-id=amzn1.sym.b0d855ab-21fd-49b1-ae3e-5a01e562f959&pf_rd_p=b0d855ab-21fd-49b1-ae3e-5a01e562f959&pf_rd_r=GFY1EJ79MGG54PJMACK1&pd_rd_wg=uT7w0&pd_rd_r=04c9674f-29a0-4602-9209-40916d179eee&sp_csd=d2lkZ2V0TmFtZT1zcF9kZXRhaWwy&th=1&linkCode=sl1&tag=kayosaffili06-20&linkId=cf5424495e687083167a4e71ab32cc80&language=pt_BR&ref_=as_li_ss_tl&psc=1,OK,Amazon.com.br,NÃO
Bota Masculina Couro Preta Cano Longo Alto Coturno Militar Tático Moto Motociclista Motoqueiro Com Zíper Para Trabalho Trilha Bico Reforçado Resistente,https://www.amazon.com.br/dp/B0DNTZSV8J?pf_rd_p=b0d855ab-21fd-49b1-ae3e-5a01e562f959&pf_rd_r=9P9SG8JPJ0FV9M5GRKSK&pd_rd_wg=sIZpg&pd_rd_w=7BxME&content-id=amzn1.sym.b0d855ab-21fd-49b1-ae3e-5a01e562f959&pd_rd_r=86b96e7d-3e8d-47a1-b15f-b1dc7fb57432&sp_csd=d2lkZ2V0TmFtZT1zcF9kZXRhaWwy&th=1&linkCode=sl1&tag=kayosaffili06-20&linkId=1cea5cf8ccd5adea01530e1915a1cf17&language=pt_BR&ref_=as_li_ss_tl&psc=1,OK,Amazon.com.br,NÃO
botas de caminhada,https://www.amazon.com.br/dp/B0F5QJPMJT?pd_rd_i=B0F5QJPMJT&pd_rd_w=luw6I&content-id=amzn1.sym.b0d855ab-21fd-49b1-ae3e-5a01e562f959&pf_rd_p=b0d855ab-21fd-49b1-ae3e-5a01e562f959&pf_rd_r=GYV91AF55KF0SV380WMB&pd_rd_wg=AoufY&pd_rd_r=6c151f74-07ee-41e9-83d6-9ec9fad4dcbe&sp_csd=d2lkZ2V0TmFtZT1zcF9kZXRhaWwy&th=1&linkCode=sl1&tag=kayosaffili06-20&linkId=187c48ab075dd324e0940c4dc1a61fae&language=pt_BR&ref_=as_li_ss_tl&psc=1,OK,Amazon.com.br,NÃO
Coturno Adventure Cano Baixo Preto Marrom Resistente Sola Tratorado,https://www.amazon.com.br/dp/B0F1PVK97Q?pd_rd_i=B0F1PVK97Q&pd_rd_w=FW0x9&content-id=amzn1.sym.b0d855ab-21fd-49b1-ae3e-5a01e562f959&pf_rd_p=b0d855ab-21fd-49b1-ae3e-5a01e562f959&pf_rd_r=HGDGNBMNEM8VX0N1BEEC&pd_rd_wg=GLn0E&pd_rd_r=8094388a-b276-4121-857c-a8d68e48b03d&sp_csd=d2lkZ2V0TmFtZT1zcF9kZXRhaWwy&smid=A3NKR3LMVMH8EZ&th=1&linkCode=sl1&tag=kayosaffili06-20&linkId=4269843e9c66cd04937a5618ead909b0&language=pt_BR&ref_=as_li_ss_tl&psc=1,OK,Amazon.com.br,NÃO
OSSTONE Chelsea Bota masculina de couro e microfibra Chukka Designer com salto lateral com zíper lateral JY016,https://www.amazon.com.br/dp/B09MDVJVW2?pd_rd_i=B09MDVJVW2&pd_rd_w=HpKmM&content-id=amzn1.sym.b0d855ab-21fd-49b1-ae3e-5a01e562f959&pf_rd_p=b0d855ab-21fd-49b1-ae3e-5a01e562f959&pf_rd_r=EQ5STZN5HQ8A6XGV4E21&pd_rd_wg=EltAB&pd_rd_r=09b9a13f-a09e-4594-be17-99efc545ee7d&sp_csd=d2lkZ2V0TmFtZT1zcF9kZXRhaWwy&th=1&linkCode=sl1&tag=kayosaffili06-20&linkId=2bb15197b6d3cafc7d719dadeebf911b&language=pt_BR&ref_=as_li_ss_tl&psc=1,OK,"OSSTONE Chelsea Bota masculina de couro e microfibra Chukka Designer com salto lateral com zíper lateral JY016, Preto, 38 : Amazon.com.br: Moda",SIM
OSSTONE Botas de Moto para Homens Moda Zíper Botas Chukka Sapatos Casuais OS-5008-1-AA-US-R,https://www.amazon.com.br/dp/B08VDDYRZY?pf_rd_p=b0d855ab-21fd-49b1-ae3e-5a01e562f959&pf_rd_r=RZ4DCR5TEXB930KBEMRP&pd_rd_wg=70jtP&pd_rd_w=0Tybk&content-id=amzn1.sym.b0d855ab-21fd-49b1-ae3e-5a01e562f959&pd_rd_r=3bd8d76c-8764-4fac-a42a-bfb55e400775&sp_csd=d2lkZ2V0TmFtZT1zcF9kZXRhaWwy&th=1&linkCode=sl1&tag=kayosaffili06-20&linkId=417ced886e040d334d2e1dd7973184c0&language=pt_BR&ref_=as_li_ss_tl&psc=1,OK,OSSTONE Botas de Moto para Homens Moda Zíper Botas Chukka Sapatos Casuais OS-5008-1-AA-US-R : Amazon.com.br: Moda,SIM
Bota Masculina Em Couro Para Trabalho Com Bico PVC e C.A,https://www.amazon.com.br/Masculina-Couro-Trabalho-P-V-C-Offwhite/dp/B0CTCV9P5B?__mk_pt_BR=%C3%85M%C3%85%C5%BD%C3%95%C3%91&crid=2QOPYGBF28LIN&dib=eyJ2IjoiMSJ9.9bkzDNFaq3SEEOua0Xl0B4xNFWMcKq1lyzZJ8clVXWveM3TxVPjm0M-O7hRZneWk9s_yr-qZPkisL_KVdEXmr3w-n30G1LLhA2qT2qNsdb6sb4bI9XbSZ1zGZaXNLAQD4i-d1Kfus85EGIuta0BH_1V7PyP6pt_KZNcxpz96VbfQPweWm3o0o_8ANYaZBnl0pTxxpzrweWvBrDhlxPM2Szkqs9iUD-Yz1JxeDoqM3-STZrP-aZEnVD04DCGfMoSE-ULRqSk-WVAlqGjZsJyvUDHQfeqKwnbHHkiTlUPSvwg.UqvWGeJ5AuqjewJ1NE39krYkggv0ZExNsJKr_OaPzAc&dib_tag=se&keywords=BOTA%2BMASCULINA&qid=1752027932&sprefix=bota%2Bmasculina%2Caps%2C232&sr=8-5&ufe=app_do%3Aamzn1.fos.a492fd4a-f54d-4e8d-8c31-35e0a04ce61e&th=1&linkCode=sl1&tag=kayosaffili06-20&linkId=790600f39b1f610042369686d0fa9428&language=pt_BR&ref_=as_li_ss_tl&psc=1,OK,Amazon.com.br,NÃO
Bota de Trilha Coturno Adventure Ranger em Couro Legítimo Blaqueado N7,https://www.amazon.com.br/dp/B0FGWTMCS5?pf_rd_p=b0d855ab-21fd-49b1-ae3e-5a01e562f959&pf_rd_r=ANJXPYA71MNTJTGYW1HP&pd_rd_wg=1Uqa1&pd_rd_w=wSuZu&content-id=amzn1.sym.b0d855ab-21fd-49b1-ae3e-5a01e562f959&pd_rd_r=4890867d-2827-48ce-bf6a-7f1f064532fc&sp_csd=d2lkZ2V0TmFtZT1zcF9kZXRhaWwy&th=1&linkCode=sl1&tag=kayosaffili06-20&linkId=a97236d8fd13e05cbf1b5617983abd79&language=pt_BR&ref_=as_li_ss_tl&psc=1,OK,Amazon.com.br,NÃO
Coturno Masculino Bota Toronto Adventure em Couro Legítimo Blaqueado N6,https://www.amazon.com.br/dp/B0F4RW787R?pd_rd_i=B0F4RW787R&pd_rd_w=VZbmW&content-id=amzn1.sym.b0d855ab-21fd-49b1-ae3e-5a01e562f959&pf_rd_p=b0d855ab-21fd-49b1-ae3e-5a01e562f959&pf_rd_r=VWB56SZ7N20TY301QC9C&pd_rd_wg=2W6QI&pd_rd_r=7a9a33b6-0865-4974-a660-d03c0f5f4a0c&sp_csd=d2lkZ2V0TmFtZT1zcF9kZXRhaWwy&th=1&linkCode=sl1&tag=kayosaffili06-20&linkId=c6b2453b90aae63465088dea1a41d8d6&language=pt_BR&ref_=as_li_ss_tl&psc=1,OK,Amazon.com.br,NÃO
Bota Catpriime Coturno Original Couro Legitimo Com C.a 47.751 Preto Amarelo,https://www.amazon.com.br/Catpriime-Coturno-Original-Legitimo-Amarelo/dp/B0FCP8ZYX9?__mk_pt_BR=%C3%85M%C3%85%C5%BD%C3%95%C3%91&crid=19ZHAA1WKVYSJ&dib=eyJ2IjoiMSJ9.9bkzDNFaq3SEEOua0Xl0B4xNFWMcKq1lyzZJ8clVXWveM3TxVPjm0M-O7hRZneWk9s_yr-qZPkisL_KVdEXmr3w-n30G1LLhA2qT2qNsdb6sb4bI9XbSZ1zGZaXNLAQD4i-d1Kfus85EGIuta0BH_1V7PyP6pt_KZNcxpz96VbfQPweWm3o0o_8ANYaZBnl0pTxxpzrweWvBrDhlxPM2Szkqs9iUD-Yz1JxeDoqM3-STZrP-aZEnVD04DCGfMoSE-ULRqSk-WVAlqGjZsJyvUDHQfeqKwnbHHkiTlUPSvwg.UqvWGeJ5AuqjewJ1NE39krYkggv0ZExNsJKr_OaPzAc&dib_tag=se&keywords=BOTA%2BMASCULINA&qid=1752027782&sprefix=bota%2Bmasculina%2Caps%2C231&sr=8-7&ufe=app_do%3Aamzn1.fos.fcd6d665-32ba-4479-9f21-b774e276a678&th=1&linkCode=sl1&tag=kayosaffili06-20&linkId=d65bfb8305813fe87c16938a60cec74d&language=pt_BR&ref_=as_li_ss_tl&psc=1,OK,Amazon.com.br,NÃO
